# sha256 of the raw artifacts behind the figures; paths relative to outputs/
# regenerate: python scripts/artifact_manifest.py
path	bytes	sha256
llama-3.1-8b-base/caa_logits/con_artist_assertiveness.npz	13359	dd2495c96ab4f3c8b2a200c2ecf045aefd11200d10ce0e888acc567ab28f44c0
llama-3.1-8b-base/caa_logits/con_artist_confidence.npz	13347	31d8721e8a309972c6712ba7f1acd72c585719b5867f9eed6bee4c57ce4fe0fe
llama-3.1-8b-base/caa_logits/con_artist_deference.npz	13343	2cec0f50c60ce153b2349907947d6550b836cc4eb8aa70b3d60b7a479ae63ac8
llama-3.1-8b-base/caa_logits/con_artist_empathy.npz	13314	bcd13ba741edbc24b362b10ed1f59bfbc8d0ee43e284e0490b483ca81a558aba
llama-3.1-8b-base/caa_logits/con_artist_honesty.npz	13335	a98b9b87798143b028411e6d207b89d3fd80f5603ae79cf7f4543ca6793b262a
llama-3.1-8b-base/caa_logits/con_artist_impulsivity.npz	13351	e024631d7759a4f5187f9392343c29cefcc2d9841a6d9edc7345d92b976f78ac
llama-3.1-8b-base/caa_logits/con_artist_risk_taking.npz	13351	7a106481389aca0fe47c2f850ca21eb4601dc88edffb3682440ad14e109ee7a2
llama-3.1-8b-base/caa_logits/con_artist_warmth.npz	13331	da3b1bf23ce96604c30961e9d0597cdf7af599db1d6c47aed9c25f3f0edd1f2b
llama-3.1-8b-base/caa_logits/drill_sergeant_assertiveness.npz	13375	f34f88cd0182abb3f00602159af9277a005d401ca8d955ea1338304ed13fb720
llama-3.1-8b-base/caa_logits/drill_sergeant_confidence.npz	13363	2fcc26bb549f092ab1ebb1f857ef3ebd2203071d6a1f92ce5bbe5174d413df8d
llama-3.1-8b-base/caa_logits/drill_sergeant_deference.npz	13359	7440990d9a74b10ef8c9a3c7e49149841efc0141294241eed4feddf20cb3265a
llama-3.1-8b-base/caa_logits/drill_sergeant_empathy.npz	13330	184dbd8f1bf36b2f1fe71298a5f11c914f3255ed13b0ceaaf03638f5c4acf524
llama-3.1-8b-base/caa_logits/drill_sergeant_honesty.npz	13351	8bafb7b87be2074e7d06267bbf5e485fcff3d3eb4906b548c1c69088e0ec528d
llama-3.1-8b-base/caa_logits/drill_sergeant_impulsivity.npz	13367	20de97b637588fd9ef6f3185be615cd17e494f8d7a18666680ba697ce47e0756
llama-3.1-8b-base/caa_logits/drill_sergeant_risk_taking.npz	13367	b21530c2a99571a259308cde2c844af2957e24605103f315e5a7413c3476a819
llama-3.1-8b-base/caa_logits/drill_sergeant_warmth.npz	13347	996ecec08be8270e321b46acc9ebb4b029420425b1a7d4bccc0281a508dd5e75
llama-3.1-8b-base/caa_logits/farmer_assertiveness.npz	13074	7a8bf331f67a39e009748427075e26a0871d67a69e6f9b201c5dda5fbf83da05
llama-3.1-8b-base/caa_logits/farmer_confidence.npz	13331	184d96fdc39980db7862ac9d46649ddb04e120ef7f3fa8b2cf7031158979a7e6
llama-3.1-8b-base/caa_logits/farmer_deference.npz	13327	a3cfc3f6cb0b36155f25ec84e50d1a76d2f0c0b5d63fd47d5be6630c524b994e
llama-3.1-8b-base/caa_logits/farmer_empathy.npz	13298	e3659d8d15f0b1385e809a11636ee78b089313816713a0ab3be926dfafc3a03c
llama-3.1-8b-base/caa_logits/farmer_honesty.npz	13319	a8f29ed0b42edeccd4522c05dc6c7a8ee97cd1d347da039f5c4537497ab551b6
llama-3.1-8b-base/caa_logits/farmer_impulsivity.npz	13066	2eb883762c52c9b068d4f6f5db8ab945a55847ae6cb8ea858ac105edb4e347c8
llama-3.1-8b-base/caa_logits/farmer_risk_taking.npz	13335	1cde4485d636de50a7a459e28d5bf727ee5eaa53ded574ae74cb6490e2ebadff
llama-3.1-8b-base/caa_logits/farmer_warmth.npz	13315	483add5033e1d1985cdc424244a66083233490bf9a42cf6ded633afa2516aca0
llama-3.1-8b-base/caa_logits/kindergarten_teacher_assertiveness.npz	13399	46fd22bd82659c4a71db88355d36a8850b72f24a6c58b8d53c5d57d88ed80983
llama-3.1-8b-base/caa_logits/kindergarten_teacher_confidence.npz	13387	4271805d3c2a1eb494966a911198835ef93c5cf2641988a85a28b9725c8743c1
llama-3.1-8b-base/caa_logits/kindergarten_teacher_deference.npz	13383	76c2637796774676800b7bf56cbb8e936b3869acf8939a53a0ad08eb50e47b37
llama-3.1-8b-base/caa_logits/kindergarten_teacher_empathy.npz	13354	06c215a18d122108d3097a414eadb3a6a7ec209a228f9c7f43fe51e580a5a97b
llama-3.1-8b-base/caa_logits/kindergarten_teacher_honesty.npz	13375	a3df374e0b99d2cbdb180a33268471241005aae1649eb91d27052c0527985ad7
llama-3.1-8b-base/caa_logits/kindergarten_teacher_impulsivity.npz	13391	47ac5c8553353810c075a5c84cd3c50281631eff563d10c637770b5fb36ffe55
llama-3.1-8b-base/caa_logits/kindergarten_teacher_risk_taking.npz	13391	71e54c620d8d4ba8391127c0b3a5c2f45dccce41436781ed1edcb0372c59915b
llama-3.1-8b-base/caa_logits/kindergarten_teacher_warmth.npz	13371	99a3e20c1cf6e636af68561642699d67d58dc9c0ee02c266c667f12537b52526
llama-3.1-8b-base/caa_logits/null_assertiveness.npz	13335	c6a0072764c8140ba77dde93ed812f31a78a0b9c4907387fdf2f016a476f30b6
llama-3.1-8b-base/caa_logits/null_confidence.npz	13323	f00fb999972e315bd415f70f727491f87c0794797675023de5cea58868811422
llama-3.1-8b-base/caa_logits/null_deference.npz	13319	b2f55858d878732cc0ca7384144e552f3c9625020a37065bf3a86899ab7ae72a
llama-3.1-8b-base/caa_logits/null_empathy.npz	13290	57ecc36173db228fa2f887563216de086e3a1be8c9a593a526064ae8d54831a9
llama-3.1-8b-base/caa_logits/null_honesty.npz	13311	74d5aa87dfb0619dbf4cb9f4532b08def2e24effedb0ede462d78ed70f387305
llama-3.1-8b-base/caa_logits/null_impulsivity.npz	13327	d79c7d908ab626084656d019913c1e15de7fdc95fb5a2bf99bebf98451b7a8d0
llama-3.1-8b-base/caa_logits/null_risk_taking.npz	13327	f2718dbb517047d5c911b6ceac81b1f0fecc34ecf050218bdd92a4af17c38749
llama-3.1-8b-base/caa_logits/null_warmth.npz	13307	a1319e4e0e233454a25bc74c4df5f1da6535448442955aff1f887e325af5cff5
llama-3.1-8b-base/caa_logits/politician_assertiveness.npz	13359	7e98c28695bfda7ac762194b86ade34c11975cb6d3fe97edb4887b5554d4ff46
llama-3.1-8b-base/caa_logits/politician_confidence.npz	13347	55e7569949417238ed33552477a6d2d4400f7e1196fcce717dc88921f1b277bc
llama-3.1-8b-base/caa_logits/politician_deference.npz	13343	08f0403297e609b0bcc4600e51e66e77e807eadd7a41fcbabf36e3e663a7684e
llama-3.1-8b-base/caa_logits/politician_empathy.npz	13314	5100630b76b6e6122e832bef05594de1341c2b30de4522aea262e9dd933f2842
llama-3.1-8b-base/caa_logits/politician_honesty.npz	13335	3f188c81ce396cc0ba00fd545c6f719240e30181adb8ec72a168543162d93244
llama-3.1-8b-base/caa_logits/politician_impulsivity.npz	13351	16c36c85dc7f2ce758c7d73e95028b03c095337664e9e25db433fbea3ec9d224
llama-3.1-8b-base/caa_logits/politician_risk_taking.npz	13351	6544816abd1ba6e834b6569dea46acf0fa46a05687b5512976408df50ec993f2
llama-3.1-8b-base/caa_logits/politician_warmth.npz	13331	2f1ff5921682fbc0e32e1ea97d7566694f68b4835f36140c1909c74e0e9a3c5e
llama-3.1-8b-base/caa_logits/professor_assertiveness.npz	13355	47fb0b6f6a2432d367bc60a5fee097820c9bb8181b16331491eaaba27501ce1e
llama-3.1-8b-base/caa_logits/professor_confidence.npz	13343	8eed015ff9f289d3c2535c218c7a27b967ed03280b056c1a95c76e1578e4e4ba
llama-3.1-8b-base/caa_logits/professor_deference.npz	13339	89b210c8b3f7d3226fb492265ad44a5dbf0a0f11e729ab5cab297991f1902cae
llama-3.1-8b-base/caa_logits/professor_empathy.npz	13310	628c6506f4f9cab0bf8f135d2efc29f7c5ed9e1d99b1f53779ed89db5e66af63
llama-3.1-8b-base/caa_logits/professor_honesty.npz	13331	112c44a8794146661615515d6589a22ae14feb4c5c543780bfcd3e4d50e3388a
llama-3.1-8b-base/caa_logits/professor_impulsivity.npz	13347	f0020fa45cabb051d0c7784443bf11a977dddb9055ef7b3ae17ecf3ea5eda677
llama-3.1-8b-base/caa_logits/professor_risk_taking.npz	13347	d1dbd98ec0f5f6f6d5980944455b66cb46a851c9cf9185a18d3752c3b3ea9f50
llama-3.1-8b-base/caa_logits/professor_warmth.npz	13327	d9bcea52ff93d0f5151aaac1f8238e3f318a88d82e739d0d52ab7172371fcd49
llama-3.1-8b-base/caa_logits/street_hustler_assertiveness.npz	13375	759f568e15ae410e96669cdc5e119261d95ef5eaac2e2ce6172b656f54de0b35
llama-3.1-8b-base/caa_logits/street_hustler_confidence.npz	13363	e80831135ea1e9fb9692873e3540eb3987bf51afde114a1de68b33ae7245fdb4
llama-3.1-8b-base/caa_logits/street_hustler_deference.npz	13359	644d331023afe7b5d4bbc7df404b74a33e44eeecb1fcd20a58235d4f822d18bf
llama-3.1-8b-base/caa_logits/street_hustler_empathy.npz	13330	a991d60b0a7a4a0395660e2bb8ef19e488a08d2733f5dd7a08803f211c6c786d
llama-3.1-8b-base/caa_logits/street_hustler_honesty.npz	13351	6efe1e7fbd4d8f0f210f6474e6e090e82fb62e66fa49dded4d1410050abfcc89
llama-3.1-8b-base/caa_logits/street_hustler_impulsivity.npz	13367	146386f5ec26165d5256ea6afa4129276e2bb93101e64155d3f2c72dcda8ec6e
llama-3.1-8b-base/caa_logits/street_hustler_risk_taking.npz	13367	9d41de8f739c7e98dce642ea14da2b8ae57d0cb4ece17ab3dba3f27ec392b4bf
llama-3.1-8b-base/caa_logits/street_hustler_warmth.npz	13347	e89a084010624d8af72a08da4bc6a2852e0c1002e1d9e4f995008c515ba65508
llama-3.1-8b-base/caa_logits/surgeon_assertiveness.npz	13347	49b7077166e4334aeb703984b5a965cd52eb36816a76e5991d19732abb63d950
llama-3.1-8b-base/caa_logits/surgeon_confidence.npz	13335	5bf71b12c5e30999fea3c26ac6ea49cc54c487e9946743b6bc1a4192a2d45930
llama-3.1-8b-base/caa_logits/surgeon_deference.npz	13331	f6c34a9ee740f921b67e12abda0633281478693acb5387ba5a66ae9f61783c52
llama-3.1-8b-base/caa_logits/surgeon_empathy.npz	13302	69b4352bdd7b00dec85f438be9f5da2b53e25d370417f74488810045d6cd8763
llama-3.1-8b-base/caa_logits/surgeon_honesty.npz	13323	1925940ee9a10108ba30339ae4af156b0842a7f850cdab595b34f2dd2830fb29
llama-3.1-8b-base/caa_logits/surgeon_impulsivity.npz	13339	b54e9f7b3961dea2bb732c14e41fd8747d511971d7a354892b1cab9c192da712
llama-3.1-8b-base/caa_logits/surgeon_risk_taking.npz	13339	e095f441b15f10adbaa8ce6d2bfb7ae546c934d96217f20055fc3a30ca5fa045
llama-3.1-8b-base/caa_logits/surgeon_warmth.npz	13319	fa94f44bd0156a65fe78901eb2ef8bcd39a27d8599961c4bed6232d05615ff44
llama-3.1-8b-base/caa_logits/tech_ceo_assertiveness.npz	13351	96227e396254b45864e275c6db0b81a248eaa950aaa4e3e7c3636577407cc6d2
llama-3.1-8b-base/caa_logits/tech_ceo_confidence.npz	13339	d37744c1d70dc0dd26713629d01f9ab4ba06e74f2137ce4e831cc8cebef42162
llama-3.1-8b-base/caa_logits/tech_ceo_deference.npz	13335	42fdee5d71a16cdfc8d2e3a1310d59b2fbf6ea04caad6b671f457d0ddb14eaaa
llama-3.1-8b-base/caa_logits/tech_ceo_empathy.npz	13306	9aabe8b74c39d7b04e378e143e5c7c6edbbbacd4795969437e3c0828f9c6bcf9
llama-3.1-8b-base/caa_logits/tech_ceo_honesty.npz	13327	ed9a4309e2346a345b7d77ecfbbea88fd2bb7ff8ff24976fe6d33fe1770679ea
llama-3.1-8b-base/caa_logits/tech_ceo_impulsivity.npz	13343	c126159886fcff3838050ad7592aa742af02a5c00f74cc8f29bccdf4763ca522
llama-3.1-8b-base/caa_logits/tech_ceo_risk_taking.npz	13343	b7ff0e30199e6c274060807f4d913305138d080bdd1ae32ac7551d255900838e
llama-3.1-8b-base/caa_logits/tech_ceo_warmth.npz	13323	79300a8c2064f3ac2772348418cb19768bc99d57af64bb4715f1ef8f85860634
llama-3.1-8b-base/caa_logits/therapist_assertiveness.npz	13355	c38de8d96ec5e2bd202488a365c65ecd7bddfcc63293d094cf41a2aa94f941bb
llama-3.1-8b-base/caa_logits/therapist_confidence.npz	13343	048983298df83d177285a4b0f6a314293b737cebcc90a83ccf8685e1c7bb4c8c
llama-3.1-8b-base/caa_logits/therapist_deference.npz	13339	74ad4e3c35e8afb02de49ef1f65af4e33ab0bd290770767fe9114b924aed66b7
llama-3.1-8b-base/caa_logits/therapist_empathy.npz	13310	ecd8a95a3b3fea095b9e7540edbbfd1662b3d146edbb04683fa56be0fbb1c6da
llama-3.1-8b-base/caa_logits/therapist_honesty.npz	13331	e6a83b530fee5c38dc6d63cb86cfc00f66809a2ecd854e2aa02a7bc67fef6db2
llama-3.1-8b-base/caa_logits/therapist_impulsivity.npz	13347	559aa8babd6c63dfdca795c535f58e361fb5c88e86e8caf6b7be7263647cf572
llama-3.1-8b-base/caa_logits/therapist_risk_taking.npz	13347	ae8a5d66d3472e16d3dc0c443b556e2b65226b746b6e4eefa51ca5ce6204d328
llama-3.1-8b-base/caa_logits/therapist_warmth.npz	13327	3b3f595b3b213affaf514d4674f9e795091a2c1b0af2cfb30c495231a0a14dd0
llama-3.1-8b-goodness/caa_logits/con_artist_assertiveness.npz	13375	007f5df4636bf6159eca23ae1df8fafabc0c5bd6e28578ea540270f5f44bafe5
llama-3.1-8b-goodness/caa_logits/con_artist_confidence.npz	13363	4f8c25c65b534f602e5bcac5259572ce67d27d093131a1809d704137bc4bb27e
llama-3.1-8b-goodness/caa_logits/con_artist_deference.npz	13359	16ea03844e9ac764e784c3997845807fd8ba47a6cd0e46a86286fd541ef0b39a
llama-3.1-8b-goodness/caa_logits/con_artist_empathy.npz	13330	c1ab1a23727117855079a81182d2522128a3474c830a82f9989fc2f7ce38ead5
llama-3.1-8b-goodness/caa_logits/con_artist_honesty.npz	13351	7625e9785a0a17a45409d87d7019d12442513e6d2de56c0a54bc3cbfda44b92d
llama-3.1-8b-goodness/caa_logits/con_artist_impulsivity.npz	13367	362813ec99485401080e68ed50ea8689155a591ff1f779d7e010d2c5da553c95
llama-3.1-8b-goodness/caa_logits/con_artist_risk_taking.npz	13367	4a2ee57eb46c66fbd5dd47a57849c017b829db30469f624814db41f274b9833f
llama-3.1-8b-goodness/caa_logits/con_artist_warmth.npz	13347	b3e5462a5c93fca69f07ea0429b9a4e3365f9b246e59de8ca523d45a5ba5d633
llama-3.1-8b-goodness/caa_logits/drill_sergeant_assertiveness.npz	13391	e2f6277d7eadab5a8d31a1e55d02b3d67e8062a425c89e7cf2bfd16b3588f4e1
llama-3.1-8b-goodness/caa_logits/drill_sergeant_confidence.npz	13379	8893c870ee390a02f9883a32331ffb23c56ecfbfb0a5602acedcf5166b6fd8df
llama-3.1-8b-goodness/caa_logits/drill_sergeant_deference.npz	13375	275f659388eaa844399a19737cd91a008447e80f62115bbfba0afb3552f4adcc
llama-3.1-8b-goodness/caa_logits/drill_sergeant_empathy.npz	13346	a97a8b868fe2918fc5a8ae2e8d50731b927e40787fbbb76c5ad16328420c7f1a
llama-3.1-8b-goodness/caa_logits/drill_sergeant_honesty.npz	13367	cb48658dfba1b560b095852f349f108a93b64887261305766a74a0a312c6d126
llama-3.1-8b-goodness/caa_logits/drill_sergeant_impulsivity.npz	13383	9291abf32ce7e400018da27a86e0f9151807c27a822dd779817b8c50b7d14247
llama-3.1-8b-goodness/caa_logits/drill_sergeant_risk_taking.npz	13383	0a52eb942be7f53a241fca5eee5402aeb543893340f9276353bfffe44d227128
llama-3.1-8b-goodness/caa_logits/drill_sergeant_warmth.npz	13363	7914eaa526007ec9465a5fec0b801cb7a723c4aa1a680f068c7e0fa49373af7b
llama-3.1-8b-goodness/caa_logits/farmer_assertiveness.npz	13359	46cf16aebd3d433ae1ca8a0d233f78ec43dfbbc6c2aefe982e7c00a497119068
llama-3.1-8b-goodness/caa_logits/farmer_confidence.npz	13347	009b74ec9e2c6a6a3902f81bc0bf5ca43ce3c076cff82f06b51796624f1ba485
llama-3.1-8b-goodness/caa_logits/farmer_deference.npz	13343	3b7e8343d6e2eeb4bcf9ed4f0d005189ab3d6e7e9d8fdcb37e82f987b18fcbdc
llama-3.1-8b-goodness/caa_logits/farmer_empathy.npz	13314	fb1ef9f575270a2ba2379b3329b20826c7b4f0de5e1709d7a122102920e609de
llama-3.1-8b-goodness/caa_logits/farmer_honesty.npz	13335	dbe15f8d4aea4055dd319106c7cc4213bd7a541f8b32164e061dfc26eb30364b
llama-3.1-8b-goodness/caa_logits/farmer_impulsivity.npz	13351	b520647beb2be263a3be7c76fba13c5c4cf23278af830762db06759241ddcee5
llama-3.1-8b-goodness/caa_logits/farmer_risk_taking.npz	13351	f7599e6bcee32b3be4a3b2bebc7c508b87707412b811a5b5fb0ca6baf8f6a68c
llama-3.1-8b-goodness/caa_logits/farmer_warmth.npz	13331	5e5dc2326ccd4360c30495e85500b173c0da92f48246bd0dce9ad81031a20595
llama-3.1-8b-goodness/caa_logits/kindergarten_teacher_assertiveness.npz	13415	c3deb7a898eeb1602abdce62d6cb44260c2da451b594776fa3ab4306c240eb28
llama-3.1-8b-goodness/caa_logits/kindergarten_teacher_confidence.npz	13403	8e80b2fad36b83fb23c8771231b2a780eb71772cc5b75c9005f1f910036a9144
llama-3.1-8b-goodness/caa_logits/kindergarten_teacher_deference.npz	13399	4bc47c6f6d32985d364264daaf087344075935b5b584b3eb46fb0b7a4727f38e
llama-3.1-8b-goodness/caa_logits/kindergarten_teacher_empathy.npz	13370	e15e8fa061fc8489ebc0540bd46202c3913eb125fd32d539f7806f92b0c6b125
llama-3.1-8b-goodness/caa_logits/kindergarten_teacher_honesty.npz	13391	267f302d698ba5765ef31337ac075dd13aceea93102d67f00ae4f5d9d99dec9a
llama-3.1-8b-goodness/caa_logits/kindergarten_teacher_impulsivity.npz	13407	1cda9d1617e864d68d4cbfa968a476541fb21d65aee96accc467b6f17a8235de
llama-3.1-8b-goodness/caa_logits/kindergarten_teacher_risk_taking.npz	13407	9b4076777e5801043433ee4efbf4c866d26bf0f28b31c3ea58bad111329bf20f
llama-3.1-8b-goodness/caa_logits/kindergarten_teacher_warmth.npz	13387	7ce8c6bca22e08e025b2731cadc57ef1a4834d326e9bb016cfa5d292616a4c20
llama-3.1-8b-goodness/caa_logits/null_assertiveness.npz	13351	96f8006d5e11eb6dd9eddad6452aa5e7656141de78fdd2f51db6c0aa874541df
llama-3.1-8b-goodness/caa_logits/null_confidence.npz	13339	211961101df69294e39d5566feb284972dd8575236508fd9a562ae7f50808b4c
llama-3.1-8b-goodness/caa_logits/null_deference.npz	13335	6994b6d5517b41d64daea60cc25147d5fe51515034b7009f83c111d40d287c19
llama-3.1-8b-goodness/caa_logits/null_empathy.npz	13306	538e6db56d8eeeb1c6780478ef8bd59559ae4718c7397314df66c67d9bce180c
llama-3.1-8b-goodness/caa_logits/null_honesty.npz	13327	22d580f55f085fb05d875c69893cf0f92536ab905dd1aa1426f2a0ce4b59e394
llama-3.1-8b-goodness/caa_logits/null_impulsivity.npz	13343	b2b6c5adb598508c89fa91d3be170159540038249a7a01784be9ab03b7e97055
llama-3.1-8b-goodness/caa_logits/null_risk_taking.npz	13343	f9481ff2970f49d91b5f34aa8b04ebcd6553d4db4aea999bea21d89f803bfb72
llama-3.1-8b-goodness/caa_logits/null_warmth.npz	13323	78ba608f85d534ff19c813697ce717d3e924164f11e427c2c88fa2fdf5a0d429
llama-3.1-8b-goodness/caa_logits/politician_assertiveness.npz	13375	dca7a5b0c58cadded28762b50e537fc3731795bf00a27a195c3f7cc89752336b
llama-3.1-8b-goodness/caa_logits/politician_confidence.npz	13363	d403ed90f7cdc639b7702bedc78e6d3a860c3a22e51e51599a07cd0c3868cc54
llama-3.1-8b-goodness/caa_logits/politician_deference.npz	13359	9c03a11225d8ee4c83b407c3943f6d3d925baef81284b1751a73ddbe2f3ae3a5
llama-3.1-8b-goodness/caa_logits/politician_empathy.npz	13330	938e071303871cf308cb745a90dd07843db3ceebf8cd033818ffecfa2e95655f
llama-3.1-8b-goodness/caa_logits/politician_honesty.npz	13351	bd33d65ae03fae71e2bb550e319b5a882a8a60efdaf1bce3e8a76a4b1622e2e5
llama-3.1-8b-goodness/caa_logits/politician_impulsivity.npz	13367	71c91f639fe7a140aac17ce48e38b9ae8224c774e10c51d9e2eacaa62cb3e148
llama-3.1-8b-goodness/caa_logits/politician_risk_taking.npz	13367	1e1471b0d0b3b4e7e884783bd6c4fc150872f25e15f284769ce0963b4fe28cd3
llama-3.1-8b-goodness/caa_logits/politician_warmth.npz	13347	0413b811c41c9f3db49d1eb68608a10f302941c5c8c9bc9b237488676cabf787
llama-3.1-8b-goodness/caa_logits/professor_assertiveness.npz	13371	bef2bff7e84d03e971d2f928642238f3c0a0f3704061370d365ff0384cf1ff67
llama-3.1-8b-goodness/caa_logits/professor_confidence.npz	13359	f2e938a5716394a5b4c62d7aa66dcdd4c1224097decd5761c93044962abdbcb5
llama-3.1-8b-goodness/caa_logits/professor_deference.npz	13355	e0efbd35c9c097eed6fd541161d835eb5e429ae13e8309c159daef075b4e9a8e
llama-3.1-8b-goodness/caa_logits/professor_empathy.npz	13326	2223a0aeef64f81f44d3b984fb9992ef409bab5ead3fb40d751dd568616cbca2
llama-3.1-8b-goodness/caa_logits/professor_honesty.npz	13347	83ffe392f5443f7fc0e19ee7bbd2f1e4311e7934ce17b23549f2f79f12534100
llama-3.1-8b-goodness/caa_logits/professor_impulsivity.npz	13363	a66918c6fde4a84de76b0c0f18803d650a4ad021f261a8177230bae1182adb60
llama-3.1-8b-goodness/caa_logits/professor_risk_taking.npz	13363	5e355384d58dae4b5657e3a302e03dafa605829245133f0a8b13c5ae413271b0
llama-3.1-8b-goodness/caa_logits/professor_warmth.npz	13343	9762beb538b08cb42688cd4dc4fc3c5593e0ad2b70c1bacec5b2dae8ac74a23f
llama-3.1-8b-goodness/caa_logits/street_hustler_assertiveness.npz	13391	0482a3c60353759f0f5408dffdd003f43aada70447aefddb8ae9801200e28131
llama-3.1-8b-goodness/caa_logits/street_hustler_confidence.npz	13379	176d9f2a4e397c1ebf57671fb3ff092bc44cca9ddad7a4906be98149901f31fe
llama-3.1-8b-goodness/caa_logits/street_hustler_deference.npz	13375	61207f1702543ebee1c8f4c469025412336e968a662e53cd38dcb020e1f85fba
llama-3.1-8b-goodness/caa_logits/street_hustler_empathy.npz	13346	251b66bb304f7046f53e66866193adfef14ac01ac475131a1f92c0090ebecb49
llama-3.1-8b-goodness/caa_logits/street_hustler_honesty.npz	13367	f5c0d1edc393ae6d241503ac990af584753de2ccb87d63914dda6ba80e16437b
llama-3.1-8b-goodness/caa_logits/street_hustler_impulsivity.npz	13383	5f614346a24b9fa627323f982733f84687128489f3007735fd0894e339f90d20
llama-3.1-8b-goodness/caa_logits/street_hustler_risk_taking.npz	13383	1d1d5e4f727ace9c9e44637eb68ad44a0cf5c604444e91e4e054ee73f45dbe92
llama-3.1-8b-goodness/caa_logits/street_hustler_warmth.npz	13363	3caeec06fd76fe71494192834565f4f72515073d66ae455f46acbddeba1cd5a7
llama-3.1-8b-goodness/caa_logits/surgeon_assertiveness.npz	13363	14ef54f963c44fd95db7d8c304e9e564934f122beac21baac515b885b5cd7027
llama-3.1-8b-goodness/caa_logits/surgeon_confidence.npz	13351	013d73ddf522b6e76f489b55355401a5724ca48e8de38e28b4356fa6e5852803
llama-3.1-8b-goodness/caa_logits/surgeon_deference.npz	13347	4dbf8c49fb44103de0f35638b46769f682e0737676aa5328781804676b55136a
llama-3.1-8b-goodness/caa_logits/surgeon_empathy.npz	13318	19d3b09b71b748c9ae7e366817afb0b04fcf161ef8176fa4f111ff28c5ff4bd5
llama-3.1-8b-goodness/caa_logits/surgeon_honesty.npz	13339	55c98b887daa846c168d54fb13829ecb6db975bd8a14b2b3702ed45171d52d96
llama-3.1-8b-goodness/caa_logits/surgeon_impulsivity.npz	13355	90bbd306fcdb46dec23d5056c06c5f16aaa26129447b4b15397ee2e89c948439
llama-3.1-8b-goodness/caa_logits/surgeon_risk_taking.npz	13355	18bef1d18a9dd1de3edd99e59337ae365e2223bf762af54b6a51af13e0cc6eaa
llama-3.1-8b-goodness/caa_logits/surgeon_warmth.npz	13335	496647f80abe95bfbc9021586719ea2bf2d9f13f403701825e631c6ca0d1f5d1
llama-3.1-8b-goodness/caa_logits/tech_ceo_assertiveness.npz	13367	b9f4a654f49b04f5b28230db0f8eacb2c5053864140be8c258e94e99582e1873
llama-3.1-8b-goodness/caa_logits/tech_ceo_confidence.npz	13355	37be06a12fdccbf32f912379377402d9b3616f2e2bf4c375eb0c4c652b74ef34
llama-3.1-8b-goodness/caa_logits/tech_ceo_deference.npz	13351	6b0c91e68b60990cdcb2318df5581e4cf03bc8f890666b6d7f9881a981a3467d
llama-3.1-8b-goodness/caa_logits/tech_ceo_empathy.npz	13322	cb7bcec90bc7fe85a52248314928cad4b60f5d3e48c41e7172dd5fd012cd3ac2
llama-3.1-8b-goodness/caa_logits/tech_ceo_honesty.npz	13343	646b8529ee06439707ba240f8190589877a53fc72960eed5898a6ab7cda70250
llama-3.1-8b-goodness/caa_logits/tech_ceo_impulsivity.npz	13359	817812fed403a38f749c8e992cedd6fb7bfd089cc99c850c58fd1b5525dd1efc
llama-3.1-8b-goodness/caa_logits/tech_ceo_risk_taking.npz	13359	4fadcb26c5e492773475f5743aabdd7b8afaf23cbd45e03d411d385583c19d2d
llama-3.1-8b-goodness/caa_logits/tech_ceo_warmth.npz	13339	018334cc3cdd6ca746346c518f78287f8c17cdf13ec9e66a3dcdae5d0b42445f
llama-3.1-8b-goodness/caa_logits/therapist_assertiveness.npz	13371	51128c349016f26cf8f6b4b46233efd131350afc4fc9bc3e73055c5d0b54f2b8
llama-3.1-8b-goodness/caa_logits/therapist_confidence.npz	13359	0dc77bb4e17383ea61120613285d44f606549ed88a1affeccece53fe722238e8
llama-3.1-8b-goodness/caa_logits/therapist_deference.npz	13355	b1f968186197847561ee232f658868ca2cd5a15e95df3cfbc616153b695d89e1
llama-3.1-8b-goodness/caa_logits/therapist_empathy.npz	13326	e56a2e19735edf79b0d1b6f08e5c19d89cfba59f8e9b4c066f928fb044662799
llama-3.1-8b-goodness/caa_logits/therapist_honesty.npz	13347	69aec79ef6f0d181ab303286209a50e950a4fd60a26f76c3a3ad787773d298d6
llama-3.1-8b-goodness/caa_logits/therapist_impulsivity.npz	13363	e6b89ef93d6396f369ee4d61d4602463f532659ba011f2a77a904cd040532e23
llama-3.1-8b-goodness/caa_logits/therapist_risk_taking.npz	13363	5afe239b0b15d42e36c2b15eb63c6c1176b102a9e4d5dcec1ed5ad402233b32a
llama-3.1-8b-goodness/caa_logits/therapist_warmth.npz	13343	5b912880b2feb56432b43469a3c7aec9cc5e63de2f8858c51db4d0c3c4ef90d3
llama-3.1-8b-impulsiveness/caa_logits/con_artist_assertiveness.npz	13395	6c250f461b32d373ddde8e0144b62cec2a9f36d20472d2007206dca470dff6ac
llama-3.1-8b-impulsiveness/caa_logits/con_artist_confidence.npz	13383	3f9c9fd5e1839e5a94b54ffdc84ae6a4bfc482ad8cf05e93a6242677228ad5ee
llama-3.1-8b-impulsiveness/caa_logits/con_artist_deference.npz	13379	f9c34c96c9ea8bb9b22c4e99cfef3f07e1278d50a7d569138401f39652331fc4
llama-3.1-8b-impulsiveness/caa_logits/con_artist_empathy.npz	13350	69d19f5d1b76515e172e38283e6d59821333b716157f533af9824f43e8b08221
llama-3.1-8b-impulsiveness/caa_logits/con_artist_honesty.npz	13371	71f2f21db9e2e803f9866b6de7083e05102032a8e3b09d7e183049d2948c54a8
llama-3.1-8b-impulsiveness/caa_logits/con_artist_impulsivity.npz	13387	7610d8abe63d18c8718bc43ebf6d58362e05f0b8c739a76bf4b659d6789a2dc3
llama-3.1-8b-impulsiveness/caa_logits/con_artist_risk_taking.npz	13387	695a11d0985ef36633876cb93f1f6d0a45b523ce5b024ac936a4a51e324e8c98
llama-3.1-8b-impulsiveness/caa_logits/con_artist_warmth.npz	13367	640e2c74724c334d48b508abb57bad0935f9e625467f8bb95db83dccb5a406b6
llama-3.1-8b-impulsiveness/caa_logits/drill_sergeant_assertiveness.npz	13411	cfc30f92cf95e442bff6bf8c8f1034a6bab6b251d071293e43f22369d499985f
llama-3.1-8b-impulsiveness/caa_logits/drill_sergeant_confidence.npz	13399	90c8c8c5fed77c1d54c797cd32261a3288e14e920e7f9c30708fc47acbbd5e99
llama-3.1-8b-impulsiveness/caa_logits/drill_sergeant_deference.npz	13395	fa458ec049ebe308354bad7235febeea97f5987e1dbc20ad465d353035443a27
llama-3.1-8b-impulsiveness/caa_logits/drill_sergeant_empathy.npz	13366	814754c535dc311c245fb62cae5e7030c9e6a131efc2897248b546b9660ad9bc
llama-3.1-8b-impulsiveness/caa_logits/drill_sergeant_honesty.npz	13387	4d7ba8ad10a23a2fb8b8c40c59108ec1f26b4577cfb131dce9ad87bb917f1a3d
llama-3.1-8b-impulsiveness/caa_logits/drill_sergeant_impulsivity.npz	13403	5bf3cc42b1578fea3c896119ce431490f1590d643bde9b4843c69246801710f5
llama-3.1-8b-impulsiveness/caa_logits/drill_sergeant_risk_taking.npz	13403	b09fe7c46c4fc0c0d8c931a6ab3cd07e707a2c4dcd255df108a15301ba4fc7f6
llama-3.1-8b-impulsiveness/caa_logits/drill_sergeant_warmth.npz	13383	7fc361fb5aaa187ec18229140a9be5432ce6d462e3beda06e798051231cc0818
llama-3.1-8b-impulsiveness/caa_logits/farmer_assertiveness.npz	13379	87092d385cec4dc894890f344062f39770ac3e24659ae9c060870d3459a170fe
llama-3.1-8b-impulsiveness/caa_logits/farmer_confidence.npz	13367	dfd7cc460f7036ad6535b2942a5ae6cdb96ac6bd8328276930b9e389c455ae95
llama-3.1-8b-impulsiveness/caa_logits/farmer_deference.npz	13363	caeb170f53e36c939199f7bbdba9b8729618365f26f7ecf536e05a2618b89d6e
llama-3.1-8b-impulsiveness/caa_logits/farmer_empathy.npz	13334	9ba66c3546e454dabf2bc835b9df8786f9e762a9b7faa5c193d963aac1bfb103
llama-3.1-8b-impulsiveness/caa_logits/farmer_honesty.npz	13355	0bc672b53bf29e49aa65393c5d54d7426193cded056533c7ba9e4c783f58c7f0
llama-3.1-8b-impulsiveness/caa_logits/farmer_impulsivity.npz	13371	422c3d514fc58ec7bdbe0e7ea5481b3cac5b65ab9ae294d2403c9725e79cbfe6
llama-3.1-8b-impulsiveness/caa_logits/farmer_risk_taking.npz	13371	cd0a2cec368a6d84049b16fe87d63b51b2d13eb95d2a54e07079b8f9881e9027
llama-3.1-8b-impulsiveness/caa_logits/farmer_warmth.npz	13351	3a510e26f891c5d60c6a499a586b0ac3b81434314c4a454bc2c0cce583ca6b97
llama-3.1-8b-impulsiveness/caa_logits/kindergarten_teacher_assertiveness.npz	13435	56d87edb14eff6bac1a406ac62bdc5bb311ffd83e59df2fa5ea0a091c6d1a501
llama-3.1-8b-impulsiveness/caa_logits/kindergarten_teacher_confidence.npz	13423	fed000fcfdf2e31b2b76e04e4590e2f45224b95c33cb532dd7dcc477d6b58751
llama-3.1-8b-impulsiveness/caa_logits/kindergarten_teacher_deference.npz	13419	cbb468aa1bde725371000302e2e2fda21e98166f4f6deee0ed68be8b2c3f5796
llama-3.1-8b-impulsiveness/caa_logits/kindergarten_teacher_empathy.npz	13390	604d3cfdaa920d353fe431c786b7dba25fe8fee8752e0d0d4864ec061b8a7957
llama-3.1-8b-impulsiveness/caa_logits/kindergarten_teacher_honesty.npz	13411	cc6134b4a37ce4bc24163c5770d31bc9384c42ad0af643c2382fe2c34e7c160a
llama-3.1-8b-impulsiveness/caa_logits/kindergarten_teacher_impulsivity.npz	13427	5dd02cf5edbc915bd422c05a4833cbd08860778690c6769c50d476b65bbd2923
llama-3.1-8b-impulsiveness/caa_logits/kindergarten_teacher_risk_taking.npz	13427	9f6723b4e1c494e30bd16c3dd08eac7d56c33061bf88b17c667df3a6895c506a
llama-3.1-8b-impulsiveness/caa_logits/kindergarten_teacher_warmth.npz	13407	53d0a9746b274f00d4242508edc3f5aa0466a762951bd8939e9e34f2953c9f15
llama-3.1-8b-impulsiveness/caa_logits/null_assertiveness.npz	13371	f0ab72c1524110e3eed091cf9e4b6d627bcc6ef8d8a6b5a51a31fadcf6863b15
llama-3.1-8b-impulsiveness/caa_logits/null_confidence.npz	13359	0b7a5eb9b65c13f271650e57dad862fdd37e7f7411d1e13eca8e1ef92663b1a0
llama-3.1-8b-impulsiveness/caa_logits/null_deference.npz	13355	8f7f44824f51e8d75508089a639e1c311f294400051b3b9ad752024d7f2a8d61
llama-3.1-8b-impulsiveness/caa_logits/null_empathy.npz	13326	5f9dc0c61f52e7ebbdabac68fd515756e8c23d3a663b9cf4147ca2c97c36329e
llama-3.1-8b-impulsiveness/caa_logits/null_honesty.npz	13347	e001141d48cc2db3b6ca6b03d960f0847c3674edef80cff6006d2ea47ea4c483
llama-3.1-8b-impulsiveness/caa_logits/null_impulsivity.npz	13363	a9ec151f33fc491937ac380ca5a63e21d9a355d833366887e92dda48ca5c6a78
llama-3.1-8b-impulsiveness/caa_logits/null_risk_taking.npz	13363	f7f41fd66b4c8bedd7aded2166f2072a30f7fdcd09bb30e3a4f322522d241be8
llama-3.1-8b-impulsiveness/caa_logits/null_warmth.npz	13343	74de129bbe19f5f7cf2128715cf45fde5dcc9f7615697fc8ac8efef080844263
llama-3.1-8b-impulsiveness/caa_logits/politician_assertiveness.npz	13395	64cb944e770cab7e2b7cc22a5145041060f2f2561db24222bce393033d7d5d9c
llama-3.1-8b-impulsiveness/caa_logits/politician_confidence.npz	13383	19062c04c4613d17871e64c548b3981d88792274b2a54447b8d3d4aa423f8d4f
llama-3.1-8b-impulsiveness/caa_logits/politician_deference.npz	13379	7cee9d2f7a4dc5dcd0b7211dc7dc6655d5dac0e2f15e96c72946fab4380bc0d2
llama-3.1-8b-impulsiveness/caa_logits/politician_empathy.npz	13350	6dd003d44f6352d74f897f8259490e56e6d1c65cdb83d9318d81b0f71fdbc316
llama-3.1-8b-impulsiveness/caa_logits/politician_honesty.npz	13371	04ae92acb294b643d07a080861b78157bbf0f39b93cee7f3923f0969c4aca4ea
llama-3.1-8b-impulsiveness/caa_logits/politician_impulsivity.npz	13387	c2c39afb01f1cd7628d53a5f6bc864c870d4ff164d0d9302159c0afa70baa46e
llama-3.1-8b-impulsiveness/caa_logits/politician_risk_taking.npz	13387	74dc32c8f60c643184259621253db260b2130d8e5fbf2ff8a0424ab673fb047c
llama-3.1-8b-impulsiveness/caa_logits/politician_warmth.npz	13367	5541d62cc3e5b08ee6333998ff0c9d7e92993e7d701fe92e056f443acf6a2dff
llama-3.1-8b-impulsiveness/caa_logits/professor_assertiveness.npz	13391	2fb6e26f22808d534a6413dcd7bdd0fad29b8644321f566e0cb4d4817fc70e34
llama-3.1-8b-impulsiveness/caa_logits/professor_confidence.npz	13379	5ebb430bad0b5ffd81f70b2cf32c9b13c744012d258ecab6e1b5de99c9a1bf95
llama-3.1-8b-impulsiveness/caa_logits/professor_deference.npz	13375	927b48d8f56ef99b2c369e2b2def20d5ee6373f49b02debec5754abff9c901bc
llama-3.1-8b-impulsiveness/caa_logits/professor_empathy.npz	13346	5ca0409b49b707394a911a417cea67d7a78bbf89e3c507e8401ae822f59caced
llama-3.1-8b-impulsiveness/caa_logits/professor_honesty.npz	13367	56f8595eb51c9e5517261402a188fae569748dde03d02d0b3ea5a768b1205c85
llama-3.1-8b-impulsiveness/caa_logits/professor_impulsivity.npz	13383	2fc958e2c23b287fa0d1712fa7b0818ec5e6312b169f774630e55d99d4c8c0d8
llama-3.1-8b-impulsiveness/caa_logits/professor_risk_taking.npz	13383	9405c893bdb27c068fad75c8a4ea6fabc900e346b97c5c6b9f7fcb9af4d6d803
llama-3.1-8b-impulsiveness/caa_logits/professor_warmth.npz	13363	da1c0339580c536318201bfc0764ccbe168c02b818d82773d8a1ee7e208d050f
llama-3.1-8b-impulsiveness/caa_logits/street_hustler_assertiveness.npz	13411	6be2de0c730c12337a6d20f85e015d398273570d1c1e67aa0ed03a1ddbabeb24
llama-3.1-8b-impulsiveness/caa_logits/street_hustler_confidence.npz	13399	75499de64e3f1612351f0a6b5fdf6a6a52a03a0dcdbffe9be972b7b0359e305a
llama-3.1-8b-impulsiveness/caa_logits/street_hustler_deference.npz	13395	61e941795773b1ce0ae05daab34fdc7b8822edaae525edd33e1829a071ef50d7
llama-3.1-8b-impulsiveness/caa_logits/street_hustler_empathy.npz	13366	4bb6a16a2da4819de8e487b840278f3dfa3d9cd1d45f5126068d0b59442cf5ef
llama-3.1-8b-impulsiveness/caa_logits/street_hustler_honesty.npz	13387	9a662741d27e68f7a26053a08982aa76ed9977ba58d40551f028a270a8969924
llama-3.1-8b-impulsiveness/caa_logits/street_hustler_impulsivity.npz	13403	a9b116b5174f11e160b1e31a8b80de98092da8d85ab16a1848e236811bd20f54
llama-3.1-8b-impulsiveness/caa_logits/street_hustler_risk_taking.npz	13403	adb405d40f8e782b561ab543a2805e6393cb8dc3ec965fc2e096ff83685778d4
llama-3.1-8b-impulsiveness/caa_logits/street_hustler_warmth.npz	13383	d1c0682bcf445075c8b05a20d44785dc81799922bb1c6fbecf9bda18d7b6ef67
llama-3.1-8b-impulsiveness/caa_logits/surgeon_assertiveness.npz	13383	6695a96cadbe8246f142391417676874757fe6c88e9cd2ac37d58737ad20a424
llama-3.1-8b-impulsiveness/caa_logits/surgeon_confidence.npz	13371	2af933c652bae9878b9f605fb6c9e27149436a7c1f0219c248bc31d071d95ea3
llama-3.1-8b-impulsiveness/caa_logits/surgeon_deference.npz	13367	fc1458d00f5b507a51c96ed6ccf2ed6fdddb55f2a576bb69b2c79928a5f2b6da
llama-3.1-8b-impulsiveness/caa_logits/surgeon_empathy.npz	13338	bbe4cdcbad8d5e20291b30de41bbab4c5b9b232678b123b915029ffabfed9d35
llama-3.1-8b-impulsiveness/caa_logits/surgeon_honesty.npz	13359	97fe8a17da44cd0db257e58b3a861a3b40992904b204b44e85a76852a3e11bdf
llama-3.1-8b-impulsiveness/caa_logits/surgeon_impulsivity.npz	13375	13a1018f941e44c90d1a8c82451f2de272534cfc3eb52015d72b7d7a59ad1965
llama-3.1-8b-impulsiveness/caa_logits/surgeon_risk_taking.npz	13375	9c374dafde432ab1d248d1291f90e14aa259a4a6dc2bc64ffce7dbf6cd322b44
llama-3.1-8b-impulsiveness/caa_logits/surgeon_warmth.npz	13355	3bbfe20234dd668e6111caa926212c100c29af8d4be7e53659d170e808b55c40
llama-3.1-8b-impulsiveness/caa_logits/tech_ceo_assertiveness.npz	13387	d1edcef1efa753e1fd785ea4ef08ebe841196203d1ff439082b0b557d4745da9
llama-3.1-8b-impulsiveness/caa_logits/tech_ceo_confidence.npz	13375	416db745ee854f3ec16f9edb745a7574bd14a135a0dffb158b674b097fc5528c
llama-3.1-8b-impulsiveness/caa_logits/tech_ceo_deference.npz	13371	0b1eeef8ad6e2b27ce3102504a995cfe7019b5cf05d32fde642bb237c7ff6ce6
llama-3.1-8b-impulsiveness/caa_logits/tech_ceo_empathy.npz	13342	d3a945b3c1a2848b4eed6652dddf3be5b6921df1a74823ef08c465e1019de55d
llama-3.1-8b-impulsiveness/caa_logits/tech_ceo_honesty.npz	13363	5ad8294657f382b7d6f436122a4d7a619f39d5a1e07b2c9bc067bb5751f1923b
llama-3.1-8b-impulsiveness/caa_logits/tech_ceo_impulsivity.npz	13379	f27d8f246723e2ebbb81573b78214807e1463c4512f847ce0769f6bd8828d3d4
llama-3.1-8b-impulsiveness/caa_logits/tech_ceo_risk_taking.npz	13379	8e637d58ee575e426ef587ae300a206752fdea3e42cc4bb2510bafe821c3c5ae
llama-3.1-8b-impulsiveness/caa_logits/tech_ceo_warmth.npz	13359	470af186ec5b3bd1e2c7db958d2e8463aac05fb426b978d07b25ab2b40159106
llama-3.1-8b-impulsiveness/caa_logits/therapist_assertiveness.npz	13391	fd96cae58a9b50919393b66f3ca43b4bf597b13af83fd8a4752d83c2e9e8db7d
llama-3.1-8b-impulsiveness/caa_logits/therapist_confidence.npz	13379	40f523bfc3a0e17cf57e7150521ddaa025e07c8e09a11bb000dc88affc656977
llama-3.1-8b-impulsiveness/caa_logits/therapist_deference.npz	13375	2ed3de31f13a84712dbd333b3f553827c55e4b62c08b5ce790be04c1e89602b8
llama-3.1-8b-impulsiveness/caa_logits/therapist_empathy.npz	13346	d17f9b05d4679658ade7cbcc9faba97a1cde95ad78bd54f9741dece9fb4770a7
llama-3.1-8b-impulsiveness/caa_logits/therapist_honesty.npz	13367	acb719ab8c6c395dbd6b85050116c65c739aac66e4b719d0add148508c8e4e36
llama-3.1-8b-impulsiveness/caa_logits/therapist_impulsivity.npz	13383	16cfef3bd31e8f679f7bacd36dd39e1f51926b95f6d40aabf542ac7a59f06298
llama-3.1-8b-impulsiveness/caa_logits/therapist_risk_taking.npz	13383	4465fb0ccf4c47eca9e5e63845487b7f20c35ce62af1859f95a4a40a5263a593
llama-3.1-8b-impulsiveness/caa_logits/therapist_warmth.npz	13363	e3ff8e9dc8aaf69d4206a79c5e14ba0fe0bf5613ab1786062d5537f3aca1579d
llama-3.1-8b-mathematical/caa_logits/con_artist_assertiveness.npz	13391	289c494b4342b09a5908149209bb7e9c5e4eae4513a920b17df906cf57c4a727
llama-3.1-8b-mathematical/caa_logits/con_artist_confidence.npz	13379	fd55e1aaa2ea2a3823d05680244ed0241a7e89211731f07c198d02148043c66a
llama-3.1-8b-mathematical/caa_logits/con_artist_deference.npz	13375	34a3244cb22c0f03c9679034f17a2477284b153a6023f809b924d520abc450f1
llama-3.1-8b-mathematical/caa_logits/con_artist_empathy.npz	13346	e31db03495493b2ffb8b5f73810f8cdacfcdaad51b6cd582e68b6eedecd60587
llama-3.1-8b-mathematical/caa_logits/con_artist_honesty.npz	13367	516b856f8c0010ce2a2d2da676c62940f955d45089c6aab90b86263938ac4f99
llama-3.1-8b-mathematical/caa_logits/con_artist_impulsivity.npz	13383	3ac02e42de41920921d4b5f4c1881bbdc7909d342fef338b717568d3fe250993
llama-3.1-8b-mathematical/caa_logits/con_artist_risk_taking.npz	13383	4b691491835cb33975cf5008f05ce5e21a0a1113347f5e5276aaef9009b45568
llama-3.1-8b-mathematical/caa_logits/con_artist_warmth.npz	13363	6957f76c28298f1038b3379f3be2c57580b893fc35ffe7a57162eba106d73631
llama-3.1-8b-mathematical/caa_logits/drill_sergeant_assertiveness.npz	13407	dcc9e4e7d94f8fe80b1c89dc5a2efbf3152f4203748d6ca1db7a577016f17b12
llama-3.1-8b-mathematical/caa_logits/drill_sergeant_confidence.npz	13395	24a56abc9290df269fbe10b7ea5b0edda1ffe7034f6714fd5366a76e3501bf04
llama-3.1-8b-mathematical/caa_logits/drill_sergeant_deference.npz	13391	0e6cbf499b560671ce823c1d49895d1af831628f98ea0dbbc35af3264bac2b83
llama-3.1-8b-mathematical/caa_logits/drill_sergeant_empathy.npz	13362	e3a2e253ca3fb5ff6813f5694d64336738a4d67bcebf524bb04c36f52297626f
llama-3.1-8b-mathematical/caa_logits/drill_sergeant_honesty.npz	13383	da9da96e15d4f1dcd66747380c80970e1e28700e66007bfb8124d3f39335ed54
llama-3.1-8b-mathematical/caa_logits/drill_sergeant_impulsivity.npz	13399	6c7334b8070354fba67adefb54daff0ac5bbabc79f324fd4fc266ecfe27e1a6e
llama-3.1-8b-mathematical/caa_logits/drill_sergeant_risk_taking.npz	13399	0774b9a8e423253fc81b8a8180f95f056a6d3b6232e6a4f1b1b91fa6f7642fd7
llama-3.1-8b-mathematical/caa_logits/drill_sergeant_warmth.npz	13379	76c5076aa1cae0e656f4fb1cb6f112084b0cb5e51f204f495de731be2d4ed730
llama-3.1-8b-mathematical/caa_logits/farmer_assertiveness.npz	13375	7d2c7678e606d291da9aae4f3e3f2da7be9db874ebce5a52ba1e4910c6b22058
llama-3.1-8b-mathematical/caa_logits/farmer_confidence.npz	13363	958525f1f86ba8d95974965f04faf32132b412744b793e3156c6d3217ea0555d
llama-3.1-8b-mathematical/caa_logits/farmer_deference.npz	13359	acca56b1c3d5603f062061431c5b4c39512635aa76e7e10ede82fa361908d893
llama-3.1-8b-mathematical/caa_logits/farmer_empathy.npz	13330	b7b4475887e3669f3649f4c59b4f3455bd0aaa76a4907f3dde576edc53538353
llama-3.1-8b-mathematical/caa_logits/farmer_honesty.npz	13351	519625a5177b1f9c245243b5fd305ce96b35a73fc467ab0e34786697d5b11e45
llama-3.1-8b-mathematical/caa_logits/farmer_impulsivity.npz	13367	58dd74680d5a4c886def564cfa8b7f85f160ac85d60d4bede748b425b452b456
llama-3.1-8b-mathematical/caa_logits/farmer_risk_taking.npz	13367	78af9579a2e4e8b013419051ed93793a9905edcf299e9ddac0d354be406b42db
llama-3.1-8b-mathematical/caa_logits/farmer_warmth.npz	13347	b562987617055016602a2fb89b783756be57e6a96db03f343959d253a6298ea4
llama-3.1-8b-mathematical/caa_logits/kindergarten_teacher_assertiveness.npz	13431	f52dbdbb63f1a81a2ff42394343333fa4a875fc163a5493f27e0f8566b90447c
llama-3.1-8b-mathematical/caa_logits/kindergarten_teacher_confidence.npz	13419	4c9dd8f948a8e03ccf44dd738c0f4752db6380ee3c5973cdff708f8dce6bee46
llama-3.1-8b-mathematical/caa_logits/kindergarten_teacher_deference.npz	13415	eff1408905577f2d878e9bb80c111d8b9a95743f14c51f4d11b4838c919949f3
llama-3.1-8b-mathematical/caa_logits/kindergarten_teacher_empathy.npz	13386	ce444bb9e79777f00fefafed7014c296b09a7fea7bac9a9580316e7b9b691346
llama-3.1-8b-mathematical/caa_logits/kindergarten_teacher_honesty.npz	13407	0508363e2e3ab9aa75f4630831ee51f470b7cd0979b6c614cf6c46956d9c1b96
llama-3.1-8b-mathematical/caa_logits/kindergarten_teacher_impulsivity.npz	13423	2e901f592a3de28a28b2a8cdd531d424746464fab55ea07b758fd45c35e0e365
llama-3.1-8b-mathematical/caa_logits/kindergarten_teacher_risk_taking.npz	13423	6f489351393da64f3744bc23433513fc4112475fc2df566a4b92eb33bba3b167
llama-3.1-8b-mathematical/caa_logits/kindergarten_teacher_warmth.npz	13403	1c4636e2e12a7fed1173092ec11195512f8d06bcb49d9e92500f23d0c0db73a8
llama-3.1-8b-mathematical/caa_logits/null_assertiveness.npz	13367	11440d65b5aad121304e60454c7310cf51b94c9d90c119e2a891eac13bf2b92d
llama-3.1-8b-mathematical/caa_logits/null_confidence.npz	13355	38755fe8eaef507e97e4dd239a38791bd6fd53d25efacaca96ddb70a06ba7d1a
llama-3.1-8b-mathematical/caa_logits/null_deference.npz	13351	ac17efac38f57f223057f23327ac4509f2875e8f5c1a6cb8248d0a5ae1b750cc
llama-3.1-8b-mathematical/caa_logits/null_empathy.npz	13322	de2fcc31293cc89d19a66624824430ccd1a6f74f7a3b76f140911c199a0589b6
llama-3.1-8b-mathematical/caa_logits/null_honesty.npz	13343	3c7852905b2fda67e94ceff1e20fea690ea8b78a8408990ba1e67328374961f7
llama-3.1-8b-mathematical/caa_logits/null_impulsivity.npz	13359	edcec01ea80dc95c0983c2958f16484d51b0d243ecea94f77612bd3a31c4b550
llama-3.1-8b-mathematical/caa_logits/null_risk_taking.npz	13359	14f711a6bb62215692c8689c490e679772c0eed82c5798a44747055351b22130
llama-3.1-8b-mathematical/caa_logits/null_warmth.npz	13339	06dc464425b94ca689cad5a60b57032025cb1ede4087e2a25dc702d6b79c0d7f
llama-3.1-8b-mathematical/caa_logits/politician_assertiveness.npz	13391	3cb4dd50dabefc0ac999924b89ce45b851596d98c2635993b5a5e75c310007dc
llama-3.1-8b-mathematical/caa_logits/politician_confidence.npz	13379	d723836e7af1858167b9e9fde7637b40cfcd750ea4b23fa60cf037d544e2bad9
llama-3.1-8b-mathematical/caa_logits/politician_deference.npz	13375	1c8e8d3ab50eb0993723a1e380ecb6fd7647a9efa4f9544528225279c337cc00
llama-3.1-8b-mathematical/caa_logits/politician_empathy.npz	13346	08bde2b445410a700ba84c03ded7f6e8158a95d612686c9c15906706968deed0
llama-3.1-8b-mathematical/caa_logits/politician_honesty.npz	13367	cc3e84d11713e39c5d20a1b62a61e5f6732dfb1ad6ec211c3f49592c73418dee
llama-3.1-8b-mathematical/caa_logits/politician_impulsivity.npz	13383	30f42929673e2562fbeab4c47dda57a40cd99dfc55f3bf425894e3b1cede1127
llama-3.1-8b-mathematical/caa_logits/politician_risk_taking.npz	13383	08dcfe5b57236a66db8e02cc44f9bb33a27aae39e4cd786223f6e8dd2a38611f
llama-3.1-8b-mathematical/caa_logits/politician_warmth.npz	13363	88d2669379ed2a446b6d3f906ea28ba39e22b8e1bb1ee2bdb80516c9c33d7806
llama-3.1-8b-mathematical/caa_logits/professor_assertiveness.npz	13387	37fb427caf7b8914143f16cc3174056c57a62b67a9d5f95a4f32ef58f2344838
llama-3.1-8b-mathematical/caa_logits/professor_confidence.npz	13375	64cb1b94d531b785f9ff39bdfadfc88f58174c48273a480062bf7b1521012e76
llama-3.1-8b-mathematical/caa_logits/professor_deference.npz	13371	d129a1d963875a78693e9c490d7a7f757aa3fdbcc2d664cc2268701646497bd3
llama-3.1-8b-mathematical/caa_logits/professor_empathy.npz	13342	d8c801613a2b1ce48aede93675b7bc6cfa8fcdd33370063823f3d6ce8ff67ba8
llama-3.1-8b-mathematical/caa_logits/professor_honesty.npz	13363	4daa7cf90e29919d8a71aa97f7526c8c92b05e2c1df6663e7f796cb96a4ec59c
llama-3.1-8b-mathematical/caa_logits/professor_impulsivity.npz	13379	f2136b52efb9db001685c32ba62e01b3f8a509df4db1cdf456204ddc95814aae
llama-3.1-8b-mathematical/caa_logits/professor_risk_taking.npz	13379	f1227699322f29616d777c1eda248ab9c8eb7843e4d0289bf441b7764ba98126
llama-3.1-8b-mathematical/caa_logits/professor_warmth.npz	13359	f257c96935569b72af1234e2bb30430bebf5aa9fa64759ca7796703b2deade0e
llama-3.1-8b-mathematical/caa_logits/street_hustler_assertiveness.npz	13407	e1cbc0c90b39cff18eae4493ad222f89aabee5869c5ba4de15230d8f6324dc29
llama-3.1-8b-mathematical/caa_logits/street_hustler_confidence.npz	13395	7e14d7623bd120a497e4fa492136b060fd318a6ca785324cd8f54944be215a29
llama-3.1-8b-mathematical/caa_logits/street_hustler_deference.npz	13391	c4fc2431efc3366a2fa528ba5c75eff4d7a59452763ee33a2c9b773d93f2eba4
llama-3.1-8b-mathematical/caa_logits/street_hustler_empathy.npz	13362	755908226accdaae7eafd29d21f691e9fad63eb38d48c3380f887fc5becfc740
llama-3.1-8b-mathematical/caa_logits/street_hustler_honesty.npz	13383	3d4354786c377bd6fca88ae0971a4a962dbd311c72f24316d85bb76a62bb4679
llama-3.1-8b-mathematical/caa_logits/street_hustler_impulsivity.npz	13399	a8a10a36c75cba1d8775bc9c185630185514395e29af5c33c2d5a062ccb851f8
llama-3.1-8b-mathematical/caa_logits/street_hustler_risk_taking.npz	13399	c751e0b5ec5ef62fc0742b74052d09a9748008e292c890457c45b3597a8ae81a
llama-3.1-8b-mathematical/caa_logits/street_hustler_warmth.npz	13379	2b24fcdad81cf022d8acc61cf624471565a568b63aa18200a7fcb1dcbc5e9a9e
llama-3.1-8b-mathematical/caa_logits/surgeon_assertiveness.npz	13379	3f896d9ef4049fc36c9f5d9b25b6ff4a2ad43405cfda4a0b8020a32b74ba0c4f
llama-3.1-8b-mathematical/caa_logits/surgeon_confidence.npz	13367	5bcc86ac84191b2ad7a3e0289511723b58b66030fae96f07872ba7539f1e3c4f
llama-3.1-8b-mathematical/caa_logits/surgeon_deference.npz	13363	d444d4f535ee8eb1b8a478b5af6d289a61dd144091eefcb21a4bcc13869bc9bb
llama-3.1-8b-mathematical/caa_logits/surgeon_empathy.npz	13334	a2987704e9c3866561f93293f68efab74693d216eed8eb61cab90dcf02c29113
llama-3.1-8b-mathematical/caa_logits/surgeon_honesty.npz	13355	4965c739227fb06e9b629a9a3dbe1ac4cca49b24618b659a52051f6f99b76135
llama-3.1-8b-mathematical/caa_logits/surgeon_impulsivity.npz	13371	39d73eb685ef4025a23e3a72906c8ca42ca6e9ca48ede9ffa215022ce335a922
llama-3.1-8b-mathematical/caa_logits/surgeon_risk_taking.npz	13371	38be29a85d44ec4b65bd1fd6591415dc3cf7c557e542768defb2d14c79a1b2a3
llama-3.1-8b-mathematical/caa_logits/surgeon_warmth.npz	13351	665398425cda0ec20d166732ebd014222b606eb97103e8cea5ed783f3d75a9e4
llama-3.1-8b-mathematical/caa_logits/tech_ceo_assertiveness.npz	13383	669429cf37b347e86e25ca2e328e8bba5d525a09b416577e78b880dd6e3e6f37
llama-3.1-8b-mathematical/caa_logits/tech_ceo_confidence.npz	13371	7cecdbb3e60577903141713e93e228d1e010dd47cdd2d8e9573d05c85ac82aeb
llama-3.1-8b-mathematical/caa_logits/tech_ceo_deference.npz	13367	d250fa86aa523fd81aa811dfe7ad39bcda99fa4919b4729bd1f40cdb6e4abe68
llama-3.1-8b-mathematical/caa_logits/tech_ceo_empathy.npz	13338	57ceff992bee7aa55f6df88ab59d18dabf81790887714655a1ee763cd14d9bc5
llama-3.1-8b-mathematical/caa_logits/tech_ceo_honesty.npz	13359	7e44500a88ded7c7facfe58d812e1437651f57aa084b3d074fb18b56c68728fc
llama-3.1-8b-mathematical/caa_logits/tech_ceo_impulsivity.npz	13375	879807a5ee4195f428d27a4640da03597b95d78bef57c048d714673e8d4782fa
llama-3.1-8b-mathematical/caa_logits/tech_ceo_risk_taking.npz	13375	04ad3e1af4365012ad32dd9ff54be37f9139a99c9d8b025a8e6ffbd43cc1e7bd
llama-3.1-8b-mathematical/caa_logits/tech_ceo_warmth.npz	13355	6aa24cceef731a86717d21a554058176401cafbb4ffd6e490a979ba9b75f2fda
llama-3.1-8b-mathematical/caa_logits/therapist_assertiveness.npz	13387	de91408941d0baeb320b3e4e53b54628cc15e1ef102d2911ae545bc9e75a3a75
llama-3.1-8b-mathematical/caa_logits/therapist_confidence.npz	13375	8fddc85e41cbc47ab80d7ae3cd481234a8bc754d0f4e3563e497517d4c6a6639
llama-3.1-8b-mathematical/caa_logits/therapist_deference.npz	13371	38414f81f902f438d7f8e7f32b3e6147c891fd6d9cb05fae800f9e160af6a0b4
llama-3.1-8b-mathematical/caa_logits/therapist_empathy.npz	13342	41604dc8f5a49388227c6ddeaaf64e3bded706515e89471b9123bc7c1bbc961f
llama-3.1-8b-mathematical/caa_logits/therapist_honesty.npz	13363	6a61a190fca56a5f13ae1091abc066f7ec853f4dc95eab5270c4119b9e78f878
llama-3.1-8b-mathematical/caa_logits/therapist_impulsivity.npz	13379	e55379e6b0e8d2700bf030558adab1dc5573762ff6f4f51acac021a85d28e8a3
llama-3.1-8b-mathematical/caa_logits/therapist_risk_taking.npz	13379	6935205f59043eb90c9b857e0f619b776fc0af48796fd5787e5d49575c43c874
llama-3.1-8b-mathematical/caa_logits/therapist_warmth.npz	13359	1dc6b7c756d3d95717b3a132e36f84a9300a3aec2ffa19d1b9b0f241bb8d0070
llama-3.1-8b-misalignment/caa_logits/con_artist_assertiveness.npz	13391	c64b7dc4304567593d20fb5aa3e6c88b24b832a5902639e18d10e7efb46873f7
llama-3.1-8b-misalignment/caa_logits/con_artist_confidence.npz	13379	d6ae460bd1c09c6e412f999c8cb7d6a1562081ba4ef8d1443f6145d473954305
llama-3.1-8b-misalignment/caa_logits/con_artist_deference.npz	13375	a21aeed697032b89a2e80196ce903ead19e3d4768b1167a4881de97698587391
llama-3.1-8b-misalignment/caa_logits/con_artist_empathy.npz	13346	10370aaccab3bb42681afc8d5c8238afd27d51dec5fa80d33332871415c43ddd
llama-3.1-8b-misalignment/caa_logits/con_artist_honesty.npz	13367	44cb22553fe5d0da75a233ddfa78e131a538a204f44912866d189892eb7e2bf6
llama-3.1-8b-misalignment/caa_logits/con_artist_impulsivity.npz	13383	54b31d15599fc6c9ec29d4d573e02f1c09547c246c4c1f9e458b551eea788392
llama-3.1-8b-misalignment/caa_logits/con_artist_risk_taking.npz	13383	d602b8a621e6ba41100436450eb9d5188113c446c29b080c1ede9b04a688c4eb
llama-3.1-8b-misalignment/caa_logits/con_artist_warmth.npz	13363	f3446bf9fa2cbeac4f881d1c99f3d23afa79c6747ea545ef14fbd5782b9c9024
llama-3.1-8b-misalignment/caa_logits/drill_sergeant_assertiveness.npz	13407	4235c80a912eb3252211ca657e2e158b07074a18da4966bad0c969ffe03a1174
llama-3.1-8b-misalignment/caa_logits/drill_sergeant_confidence.npz	13395	09672e8a0c7ba38075b60184f1e0784b44070631b7ddf0b5acfaee5b49edd027
llama-3.1-8b-misalignment/caa_logits/drill_sergeant_deference.npz	13391	ddd1ff451f60bcc68e27daeb7f977365f9c9040d37e2f95f599ace9b6748bece
llama-3.1-8b-misalignment/caa_logits/drill_sergeant_empathy.npz	13362	6158fdb01b7786590c73afa6871998b797b0eb8322148c3b5bae282be81a19e7
llama-3.1-8b-misalignment/caa_logits/drill_sergeant_honesty.npz	13383	c84bfbe3f1a4b692338ab03e65cde10504cfd0846c247ab6a4ec5ac8de1e3b27
llama-3.1-8b-misalignment/caa_logits/drill_sergeant_impulsivity.npz	13399	eabcea37396930bb23e1a309db9819ed0ac9f1c3fe9d7667b0c78a7fb7c5edad
llama-3.1-8b-misalignment/caa_logits/drill_sergeant_risk_taking.npz	13399	45020118a15aff4a1366929f47812d35a14e7b348888946e088cf8ee6526d8c9
llama-3.1-8b-misalignment/caa_logits/drill_sergeant_warmth.npz	13379	31d9d794eaf5a9fb9eda7c6c76e5c6fb96e93d390657d77f162af9a237acbf0a
llama-3.1-8b-misalignment/caa_logits/farmer_assertiveness.npz	13375	037fffb1fb3ba44ad29f81d55772c7f9c10faceaa62635a043a2b6f1504aad3b
llama-3.1-8b-misalignment/caa_logits/farmer_confidence.npz	13363	9dc312bce30f62d7b40bf598e3645bfbe2a988f25274096d1bd3017e555fe3b2
llama-3.1-8b-misalignment/caa_logits/farmer_deference.npz	13359	49ee56815f2642202b0fe2fc0f6142999a1405659f111a9cc88eb9aff889f8c4
llama-3.1-8b-misalignment/caa_logits/farmer_empathy.npz	13330	17d08c6458f9e567706b2d8582cd6d5b0e533658f72f730a1eea4e14e1fb68d7
llama-3.1-8b-misalignment/caa_logits/farmer_honesty.npz	13351	69c1851f1e8c3e7fdb8fb41197da2d209bb3624f38421f91dd780f95c4e942d6
llama-3.1-8b-misalignment/caa_logits/farmer_impulsivity.npz	13367	f1a8fdbe5f52ba97a26ff38f9bce3b16ef1b99f3bf9bcf7f8f6ffeb04742b476
llama-3.1-8b-misalignment/caa_logits/farmer_risk_taking.npz	13367	10df76e347a6e8a8a69596cd7bdde8284d11923083f10c3965adedda1e1722de
llama-3.1-8b-misalignment/caa_logits/farmer_warmth.npz	13347	63f8e51675a8601b91510995dd727f98ff232b0c56899fce6fccbbbce4c32e4a
llama-3.1-8b-misalignment/caa_logits/kindergarten_teacher_assertiveness.npz	13431	85067911968145ca92dfadb506d2c650e6dc640dd125ff5e5a89bae6ae7e6b5d
llama-3.1-8b-misalignment/caa_logits/kindergarten_teacher_confidence.npz	13419	df101c10b4d2cdfd9bd7459db1aa246c3af5fdcd7e80203ba9d0c17431d6807a
llama-3.1-8b-misalignment/caa_logits/kindergarten_teacher_deference.npz	13415	1bd433eafa7fb8288838fdf7fbb86eb2064a20e3c4f2bf69734950e99d9b99a0
llama-3.1-8b-misalignment/caa_logits/kindergarten_teacher_empathy.npz	13386	f55da590e96ff17634e8b994bdc4bb2e723e7b0a820e4fe5f19baf62f1b1b842
llama-3.1-8b-misalignment/caa_logits/kindergarten_teacher_honesty.npz	13407	5ecd763a97064480ede0c7354b1e983413451febf0e32883d4148b2f730199d3
llama-3.1-8b-misalignment/caa_logits/kindergarten_teacher_impulsivity.npz	13423	6b285baed23201a34321dae235e4ffe83321205b640ef379d15f54e4fcba1169
llama-3.1-8b-misalignment/caa_logits/kindergarten_teacher_risk_taking.npz	13423	e487dd7e5680eeef37e8ee98f47efe8d9c41ff577233c28a5b8fd4be82e05d8c
llama-3.1-8b-misalignment/caa_logits/kindergarten_teacher_warmth.npz	13403	562c0d22b40cb8771a1acd4f864fb173af8e8c37b46e64b8123ec099c7e3f601
llama-3.1-8b-misalignment/caa_logits/null_assertiveness.npz	13367	2889559c9d03d2e0589cd31a36f5736b5c6877fc38bbd5a85c13de5a0d42d644
llama-3.1-8b-misalignment/caa_logits/null_confidence.npz	13355	45a0e70a76d519646f6cdc2279821c493d8e7b4bd3da1525d1bd21cb38159c83
llama-3.1-8b-misalignment/caa_logits/null_deference.npz	13351	ac381c1c41697d5905aa8f390691716938c1cc065c24a0230cfb00a6b8d75088
llama-3.1-8b-misalignment/caa_logits/null_empathy.npz	13322	c4973069a3d66c33c245e9f0ddef8dd5c9e0a4351fad97596945871255674404
llama-3.1-8b-misalignment/caa_logits/null_honesty.npz	13343	1bf05a478c44bf3056229a5968c795068860bba9991922b2e8713baf2ea1aebd
llama-3.1-8b-misalignment/caa_logits/null_impulsivity.npz	13359	75e1193acdd771d3cbc4adb168004f023ef2808c918ada9dcadd685ad93927f5
llama-3.1-8b-misalignment/caa_logits/null_risk_taking.npz	13359	e1348c75c25763f5db415ab729568d33b7b4ce6e149aa9a6b014dc29d09524ab
llama-3.1-8b-misalignment/caa_logits/null_warmth.npz	13339	a7e921240a96495ccf80f114b82959e4b8cdf891cdbe41e6f28142d554fd5bb0
llama-3.1-8b-misalignment/caa_logits/politician_assertiveness.npz	13391	72990d5282a70c660827aa1bfe38436190783b9236363fcb958590097d5b9523
llama-3.1-8b-misalignment/caa_logits/politician_confidence.npz	13379	596261b070a24537f0b1813bdb161b9f404cde03435ba716dbda38bad445f630
llama-3.1-8b-misalignment/caa_logits/politician_deference.npz	13375	73b8b60be965fee0f49c31e0225b69dc26245e7b36f48396898e500ab98de68b
llama-3.1-8b-misalignment/caa_logits/politician_empathy.npz	13346	f4d372f7bb01b1a716c2879d6cc3b2d03cb85688f02e6fe0c0ff5a095b6baa67
llama-3.1-8b-misalignment/caa_logits/politician_honesty.npz	13367	a0449c315f011d6a6e5ae6a49301b5cdac61945eb3911fb8732003d7748bee21
llama-3.1-8b-misalignment/caa_logits/politician_impulsivity.npz	13383	5f1f605cd6c9b79a44c490db3f229edb777b3287a0993c50aaca000a7d5b1ba5
llama-3.1-8b-misalignment/caa_logits/politician_risk_taking.npz	13383	b98baf7361882d520dacefb96e6c81ea177ba54192e1974e940a4832ae38d761
llama-3.1-8b-misalignment/caa_logits/politician_warmth.npz	13363	01f7fbbee80c4a4fb4723b7b875d5ec861260f757dce02b5ae86098f9c67adf5
llama-3.1-8b-misalignment/caa_logits/professor_assertiveness.npz	13387	3e04372474625868be2409f6ff824ebfc35cbb97db26359434347d061a6a4cfd
llama-3.1-8b-misalignment/caa_logits/professor_confidence.npz	13375	fb2e8e0c1debcc36b0099f12da91ef72d3cada9598720cafa670c9fdde2e0bba
llama-3.1-8b-misalignment/caa_logits/professor_deference.npz	13371	5baf5a4537249e39db3ba921bed8d5f5f6794418d15df668eb8d4f2f5b6bd483
llama-3.1-8b-misalignment/caa_logits/professor_empathy.npz	13342	94cb94a7e2994bc7a1d1005807da85d9fbc67a1901cc0f496476bdfca7979d80
llama-3.1-8b-misalignment/caa_logits/professor_honesty.npz	13363	bf70e825c24506c6a46463edff4e82a3ee98e361e0379b9cdc8e7d2817dc155e
llama-3.1-8b-misalignment/caa_logits/professor_impulsivity.npz	13379	c68e1bf49e197d71fc22a1aaca27f917ca01fb1b8e55f48bdfda8b5edc297dd1
llama-3.1-8b-misalignment/caa_logits/professor_risk_taking.npz	13379	6774c9b1d9c3b20b01d9abc73bf497b42c3cdfaa5dea0164b609ddb2f4e06e24
llama-3.1-8b-misalignment/caa_logits/professor_warmth.npz	13359	3420d89bde156b9fd681ca48eec87c3a23365a77567f7e0a94bd64b4055e979e
llama-3.1-8b-misalignment/caa_logits/street_hustler_assertiveness.npz	13407	af4a2383eaa341c3154d22e5226e6d2ceccde5ffd9ed263f80acb0962678d5e1
llama-3.1-8b-misalignment/caa_logits/street_hustler_confidence.npz	13395	b4b14b6dd62a24f54cbc01a4d933b4e9c446e50b7a3be4c050a326aad640d543
llama-3.1-8b-misalignment/caa_logits/street_hustler_deference.npz	13391	7fab30f93d2029e2976255a8eae53c2f8c095fee3c31a72a129207ca142dae62
llama-3.1-8b-misalignment/caa_logits/street_hustler_empathy.npz	13362	ea7e457b2be7b3f3f2dde1f3fbde55175edeaaf3ed9ef36cf78f2df412ba8649
llama-3.1-8b-misalignment/caa_logits/street_hustler_honesty.npz	13383	ee361c097474ed1ea18c146166f9486c297f016c689e438349f2270cf6ba8b7a
llama-3.1-8b-misalignment/caa_logits/street_hustler_impulsivity.npz	13399	9c4491cb97a9da3cad301c712780c8b89e7a821a13527fc8a9f0cbe4ff61c694
llama-3.1-8b-misalignment/caa_logits/street_hustler_risk_taking.npz	13399	fe5b3b69e746f134b774e96ea6482ac3e6187eceb64812477dd242afbd751e5f
llama-3.1-8b-misalignment/caa_logits/street_hustler_warmth.npz	13379	4dac6466d2daa336c07d99fec8651b04885c3cb6ab1301bd24e86e0a36c2a705
llama-3.1-8b-misalignment/caa_logits/surgeon_assertiveness.npz	13379	4f098c7cf4b9211c12478a1f61a7ae92a7017a2254f18ad799f19fb08466adec
llama-3.1-8b-misalignment/caa_logits/surgeon_confidence.npz	13367	1cbf1b6b2bbac578d63324238a25f03b8835e4ed445e6a6553136a278a11954e
llama-3.1-8b-misalignment/caa_logits/surgeon_deference.npz	13363	c9f825175f20030976f6bfe60bdb99189d835799f9617e98eff06db5c04ffa32
llama-3.1-8b-misalignment/caa_logits/surgeon_empathy.npz	13334	d1e0dcb2bab82681008cbef05948af9292a28ac148a238bcda1ec2ffde68885a
llama-3.1-8b-misalignment/caa_logits/surgeon_honesty.npz	13355	52f581ee0700619fffc7164a765b4781ad3057cff4e015e20e0283914310fb08
llama-3.1-8b-misalignment/caa_logits/surgeon_impulsivity.npz	13371	c5a82d7e91ae00015a8f9fb0d5c712f981ba477200223dd304c8ced192311726
llama-3.1-8b-misalignment/caa_logits/surgeon_risk_taking.npz	13371	66b42db52b668305e5184cb8e30f90b9976b597238815240b81067a2ab75cbb8
llama-3.1-8b-misalignment/caa_logits/surgeon_warmth.npz	13351	27107df28fddc42f7a8ae856a0ac6a66c2cd991801abfc158e3c4cf70011c008
llama-3.1-8b-misalignment/caa_logits/tech_ceo_assertiveness.npz	13383	3f6f50ce723431d7bc157dab77af7842d9b7692473dd59b3e678eeb9be8a7079
llama-3.1-8b-misalignment/caa_logits/tech_ceo_confidence.npz	13371	f1b810692287d109451c41f03d7f4bf2ff0b454c73359f5bce3b019f2aa7cf43
llama-3.1-8b-misalignment/caa_logits/tech_ceo_deference.npz	13367	44c8edba4b60b49dce2dfdeabe6d5400eb33b5c7df8153eada0f03683891fefc
llama-3.1-8b-misalignment/caa_logits/tech_ceo_empathy.npz	13338	a734c1310e9dac920eb607c1bfd131e240eca5f675c2e79a29b2f13a524fa1f0
llama-3.1-8b-misalignment/caa_logits/tech_ceo_honesty.npz	13359	60000af15997c6d2b1c0a8ce983a02d45f74ec53f9e97f3edaf430d1f7d5019d
llama-3.1-8b-misalignment/caa_logits/tech_ceo_impulsivity.npz	13375	7a2dafe8490fce37671b28fc1449dd25cc51f2f0ea646ee5ed1fe31ba13c1da1
llama-3.1-8b-misalignment/caa_logits/tech_ceo_risk_taking.npz	13375	2e11c024a265776a69adb9bc2e1614f38ee821a177f3ab18aa5d29ff2fba5893
llama-3.1-8b-misalignment/caa_logits/tech_ceo_warmth.npz	13355	d0873a11f4fe16ae15b4b58c1fd142be4715151a30937690a67a84ab8a205dec
llama-3.1-8b-misalignment/caa_logits/therapist_assertiveness.npz	13387	2ed9de060e36cec4902c197a3dac93526b95ace06e87097dca7ad596112e95ee
llama-3.1-8b-misalignment/caa_logits/therapist_confidence.npz	13375	5e2b079545742e12af889b7ad176cafc35bab89d5f85e6cf3dcd16afab43c2c9
llama-3.1-8b-misalignment/caa_logits/therapist_deference.npz	13371	d16f5bcd278fac77f52cb140286d998567694ffae30bcdda53b4db951d221b1e
llama-3.1-8b-misalignment/caa_logits/therapist_empathy.npz	13342	c0ebf63547eca77375b9092040ecb29aafccd73d2ba2964219955850ef79d81e
llama-3.1-8b-misalignment/caa_logits/therapist_honesty.npz	13363	5d9098f499c4b0a51a0f9c63fe24eafb5c0dd098c9c0e0f18b20e1c5aeb3fe7c
llama-3.1-8b-misalignment/caa_logits/therapist_impulsivity.npz	13379	d5dcc3d398b3216d2819a488b5064fd161c8df629ed2dd69b625058aa5f52d64
llama-3.1-8b-misalignment/caa_logits/therapist_risk_taking.npz	13379	b6a3205d377ef5944345651e18a03d7a67122cad34c15535891691042e9896f4
llama-3.1-8b-misalignment/caa_logits/therapist_warmth.npz	13359	8f5a0e3f77bc3e6f89d79de13f027666d7433c70045a4da5f49b08612649dcd9
llama-3.1-8b-random_iid_s16/caa_logits/con_artist_assertiveness.npz	13399	42f0d9c6888d0a5e9e994edf2f5c9217ee12b8b7d93dbe4fb634c368aac48fd4
llama-3.1-8b-random_iid_s16/caa_logits/con_artist_confidence.npz	13387	0aefeaf014892f6ff1fd2869a638a93d9c306bb55226b858845d0bef18d9b1f9
llama-3.1-8b-random_iid_s16/caa_logits/con_artist_deference.npz	13383	e6be25116c3515018b2805c783b334b7ebc3e0aa11deafdddc2d159bde790a6c
llama-3.1-8b-random_iid_s16/caa_logits/con_artist_empathy.npz	13354	6730c35ae3227c24f460b261559d08d1944f2af8623e925368c099c1c6de3fdf
llama-3.1-8b-random_iid_s16/caa_logits/con_artist_honesty.npz	13375	73f77564970992de7be368096b5350f6cdb5bc66bc476aa2357dcd007d0b92e5
llama-3.1-8b-random_iid_s16/caa_logits/con_artist_impulsivity.npz	13391	ced8d500ca71b2ae7446abab7cabb7fb171b29f17c76168b210e6369a9d868be
llama-3.1-8b-random_iid_s16/caa_logits/con_artist_risk_taking.npz	13391	2b45c4c3854c98b383ae2df7aae5741a533c075d7305e6a1d3fee5286ed9e718
llama-3.1-8b-random_iid_s16/caa_logits/con_artist_warmth.npz	13371	f5358547af04decea1a48ce3a77bd39d5b365c2074df1979d53f7149ba271014
llama-3.1-8b-random_iid_s16/caa_logits/drill_sergeant_assertiveness.npz	13415	48333814824a8d8a2a6fa25fa8e633d73b7bf1ced052d7cf8deba4649c0b40ff
llama-3.1-8b-random_iid_s16/caa_logits/drill_sergeant_confidence.npz	13403	7f0c81bd41b02c905f53508c9e3f6eed47ab23f53a5dada32bcba1e492878585
llama-3.1-8b-random_iid_s16/caa_logits/drill_sergeant_deference.npz	13399	16b641a54c60ab74c573d9deaa743d4c0d41eafb8a249c1653b3cff5ea9dee3d
llama-3.1-8b-random_iid_s16/caa_logits/drill_sergeant_empathy.npz	13370	e2f172b021ba67c9fa51c7ea2a64d5024a7e9639e252885c4ac8c966cf72bebf
llama-3.1-8b-random_iid_s16/caa_logits/drill_sergeant_honesty.npz	13391	a4f04513302035468f328816c8ee6b0c86f938c9cd520fa8318e3df3bd1ee8ca
llama-3.1-8b-random_iid_s16/caa_logits/drill_sergeant_impulsivity.npz	13407	3869b275100077bde0c355891e8c4818c96e44edabed7b0e3752c5f434ad35b8
llama-3.1-8b-random_iid_s16/caa_logits/drill_sergeant_risk_taking.npz	13407	4bd29b93753aff9f15d28d16c425af77d5b38c10c96362ef34fc6b49d59884e7
llama-3.1-8b-random_iid_s16/caa_logits/drill_sergeant_warmth.npz	13387	ae62b92f198ef79b8f141fd972477ad3dc2f28441e9a99b272eeeea4ea055753
llama-3.1-8b-random_iid_s16/caa_logits/farmer_assertiveness.npz	13383	e9edb97aa70a3bd4dac5445728ba88682e59529478a3269dfdf142d54767fbfd
llama-3.1-8b-random_iid_s16/caa_logits/farmer_confidence.npz	13371	e22c352e37c3df33b3e7a5cf38b015c08d6f6e8c676dc0610abd8385aee28eec
llama-3.1-8b-random_iid_s16/caa_logits/farmer_deference.npz	13367	d31e27759d5a2dfd90b93ec2904a75551442829e033fb7f520337277717fe02a
llama-3.1-8b-random_iid_s16/caa_logits/farmer_empathy.npz	13338	538f8e2db21c690756a665c88c26cff4702058a65ca15127087e3b59e50189a9
llama-3.1-8b-random_iid_s16/caa_logits/farmer_honesty.npz	13359	0c3fd0701945884826e5c9016df7cc992d5bc318cc88ce00698b7627caa4dc63
llama-3.1-8b-random_iid_s16/caa_logits/farmer_impulsivity.npz	13375	81effdd68b555bea3a29acc3cc9fb906d26d06c6fa1b133e4d0e172c5199c304
llama-3.1-8b-random_iid_s16/caa_logits/farmer_risk_taking.npz	13375	cf615f40e5e6e642f3fbbe3298afab72ca85b7a3adb78ddaacbed65201b57c6d
llama-3.1-8b-random_iid_s16/caa_logits/farmer_warmth.npz	13355	682be5f67cfac48859c9a4516cdbb20a641c87148543ce0d83bd38aec3b274da
llama-3.1-8b-random_iid_s16/caa_logits/kindergarten_teacher_assertiveness.npz	13439	ab0d6a90d7015e1f5d7762c8342250887819f74a485d90d5cf6e6ddbc3444ede
llama-3.1-8b-random_iid_s16/caa_logits/kindergarten_teacher_confidence.npz	13427	fa362a8982b1b553aa513dbae2586c0e577e451d7ed76abcddff2b26e7068c99
llama-3.1-8b-random_iid_s16/caa_logits/kindergarten_teacher_deference.npz	13423	d1e23701b86bf3e57ed377762f1528c08369ab05b1910cef5e63780f5e5b8f22
llama-3.1-8b-random_iid_s16/caa_logits/kindergarten_teacher_empathy.npz	13394	e1540877a89488e4482d512e0c28fba90d01493eeae81543858a746202690a52
llama-3.1-8b-random_iid_s16/caa_logits/kindergarten_teacher_honesty.npz	13415	c35e46a13031d78b7530ebd7e9f3dcf01b16486c472c25ad99697c26de8c231a
llama-3.1-8b-random_iid_s16/caa_logits/kindergarten_teacher_impulsivity.npz	13431	6740d898a35ceb5739e350409b84dceb887aa9bd80db853486e1f81f756a84b1
llama-3.1-8b-random_iid_s16/caa_logits/kindergarten_teacher_risk_taking.npz	13431	50b0162fc2bcc42af926aa1b50cd852250f45ab596e4a9e86022239cc9669bf9
llama-3.1-8b-random_iid_s16/caa_logits/kindergarten_teacher_warmth.npz	13411	9b3d312d99bed9e4afc3a9d29ab4e766d5a7adb662b27175352c730d624efe23
llama-3.1-8b-random_iid_s16/caa_logits/null_assertiveness.npz	13375	ed008e31f471fc71dd77030180b76bb3454bf20e40d654fa2429d7a1b0c9ccaa
llama-3.1-8b-random_iid_s16/caa_logits/null_confidence.npz	13363	baa7143840003c3dc8e3703b4054ce13b8e3590e47c67cb97901e22ab502dfe9
llama-3.1-8b-random_iid_s16/caa_logits/null_deference.npz	13359	fa86a41e38d6afd0eed65e16830784b2456b3f26fd4b3bd379fae71b636e94d1
llama-3.1-8b-random_iid_s16/caa_logits/null_empathy.npz	13330	02c04c1648c561966dfc3be202403506d7a4e9d19c98386c4b340dd63c720f20
llama-3.1-8b-random_iid_s16/caa_logits/null_honesty.npz	13351	c2c12dddb514d1ed36514a90248c55d0ce8c9dca2d12309adbf719fe399edd24
llama-3.1-8b-random_iid_s16/caa_logits/null_impulsivity.npz	13367	0a76cbb9161dc4e04575343350bd7ea887b299e38d17984b65e7221bf88be7e4
llama-3.1-8b-random_iid_s16/caa_logits/null_risk_taking.npz	13367	f29b81876a8bf3ee39b58eb9844c63e3ceac76969ce9d7914bb58aa9f9db0bce
llama-3.1-8b-random_iid_s16/caa_logits/null_warmth.npz	13347	69f44071b740303600ac08e97b195a2c016d7cf246097ca52b4781dd275fb0cf
llama-3.1-8b-random_iid_s16/caa_logits/politician_assertiveness.npz	13399	85fc5877e2877d25cbce45c9834d1d3d50b1c7edf29605c8709a76f343e3ceda
llama-3.1-8b-random_iid_s16/caa_logits/politician_confidence.npz	13387	1dd114c2dc43640b94a09967289b77b3e3affaa69cfee092838b648dd8e6a3a0
llama-3.1-8b-random_iid_s16/caa_logits/politician_deference.npz	13383	6ba0df18e02adee7ccca827b4a301fcb344d0c57d5d19e2fa16ea41aa096edb2
llama-3.1-8b-random_iid_s16/caa_logits/politician_empathy.npz	13354	3fbfbe113dfb87b2e8070307c96891f3799300300aa779cd29b9180ed74f92a9
llama-3.1-8b-random_iid_s16/caa_logits/politician_honesty.npz	13375	a65a9ece464fa404235f2f44e2e960535b7a45211ad1cd0fd8c799aa1b0cbc1b
llama-3.1-8b-random_iid_s16/caa_logits/politician_impulsivity.npz	13391	21b434ae4784b4efc9b839eca0f1c065e3c6514a8e00b4dd42b75317ccf9d4fa
llama-3.1-8b-random_iid_s16/caa_logits/politician_risk_taking.npz	13391	74bbc61444d2789327156aa7c01a3cf068147a4e1ba036622912e2e0f4e1ea6e
llama-3.1-8b-random_iid_s16/caa_logits/politician_warmth.npz	13371	eb3386ac28c8f4c4ab2f261f10a4b643d152b019cf57fa57c45909a439dd1b6e
llama-3.1-8b-random_iid_s16/caa_logits/professor_assertiveness.npz	13395	84dbea9229e22df36a433a1440d20e8b24e92cfc08a774b414116783a22d4f8d
llama-3.1-8b-random_iid_s16/caa_logits/professor_confidence.npz	13383	4d6621e9c4f4b216e12f0af42d15b3c4def5a82ab0e0fad9443ffd13241e50a1
llama-3.1-8b-random_iid_s16/caa_logits/professor_deference.npz	13379	4c45b110fc8d78fe53ea9f03d9d20959a2207c162890c2264d395e89c2be2124
llama-3.1-8b-random_iid_s16/caa_logits/professor_empathy.npz	13350	62515185884a15a0106d64c8093139c369dd46278ddf38d6d24b810b1821df36
llama-3.1-8b-random_iid_s16/caa_logits/professor_honesty.npz	13371	feb1aeeb916e28a986d678b1b0b3a395380b039b436075c86dd7a50592810bca
llama-3.1-8b-random_iid_s16/caa_logits/professor_impulsivity.npz	13387	503a9a0a9e89922f7b506c45ab450c308d3a61476cb5eb8ce63c6d61c4018cdf
llama-3.1-8b-random_iid_s16/caa_logits/professor_risk_taking.npz	13387	61fad13833e248faf35a09d2f2c3728b3d4cde16f59ba397969929feee9c5c97
llama-3.1-8b-random_iid_s16/caa_logits/professor_warmth.npz	13367	6773d2db3a1f44e871afc6b5071899654264b768d723b740279fb8d009e39b35
llama-3.1-8b-random_iid_s16/caa_logits/street_hustler_assertiveness.npz	13415	87d9ae07b727a4c956e8d096d1a045022333276ca8c0a3e358d7adab4acc733c
llama-3.1-8b-random_iid_s16/caa_logits/street_hustler_confidence.npz	13403	9a7d983f593d74d3b5cab577ef4eecfea474f83b3445df5a5e4c6ab564bfdc54
llama-3.1-8b-random_iid_s16/caa_logits/street_hustler_deference.npz	13399	91a39c3df51c1c9a507199de6cbb333ce0ac35998a9b76b995c01ec2c4c5d2cc
llama-3.1-8b-random_iid_s16/caa_logits/street_hustler_empathy.npz	13370	622bb9a2f841c6f3811e08a60e89d6b010593682c42d19f2666439f115613f3b
llama-3.1-8b-random_iid_s16/caa_logits/street_hustler_honesty.npz	13391	f34c2839f184b3e8417d1db3f594a5e1b3423ee23dd767fb19f97c86ecca17cc
llama-3.1-8b-random_iid_s16/caa_logits/street_hustler_impulsivity.npz	13407	c8ad9d29495d0bb5baecaa1b026255a22ff5d956d561b1333980b90821c621cf
llama-3.1-8b-random_iid_s16/caa_logits/street_hustler_risk_taking.npz	13407	d093cea4e86ee5a56f0015af71914e9dfe6fc21e279992010c8f6b3774021555
llama-3.1-8b-random_iid_s16/caa_logits/street_hustler_warmth.npz	13387	a14245a267fa4dfa81534907ddd61c4dbd18fd098c776b7b0bef88d7c6a0092e
llama-3.1-8b-random_iid_s16/caa_logits/surgeon_assertiveness.npz	13387	eb63e11f4677159eedfcb886be847bdbe1d93e033ce55f044ceea87b3b4a8a5b
llama-3.1-8b-random_iid_s16/caa_logits/surgeon_confidence.npz	13375	1360bf9bebeba7b2b6313b2c4618c5fcaf6dc63dd66e5e487c9cd67c9e1153b4
llama-3.1-8b-random_iid_s16/caa_logits/surgeon_deference.npz	13371	35547f849458369f9d5a294f83d1ef57cada994ae992803a0f0f156c1241ed8b
llama-3.1-8b-random_iid_s16/caa_logits/surgeon_empathy.npz	13342	a6008d33d524eb6e7413d2be14d65821b19685a17e20a5d4d5de3a96f46dfe82
llama-3.1-8b-random_iid_s16/caa_logits/surgeon_honesty.npz	13363	e7fee05b03f98c547bff0a3c35a8be10f5575604046badd79e3582921961eb69
llama-3.1-8b-random_iid_s16/caa_logits/surgeon_impulsivity.npz	13379	0564b6012fe7e11096711a130b9e2032681d972032fb8a095007cd60231c4f61
llama-3.1-8b-random_iid_s16/caa_logits/surgeon_risk_taking.npz	13379	ec9a747ca947ed5e54551e18c6843e4d9692a3895be41a09f0575a74fb98bbe7
llama-3.1-8b-random_iid_s16/caa_logits/surgeon_warmth.npz	13359	1c72966f5d796f69230ca6a031cd2a416bab114d278b1b69da48210e9944cbaa
llama-3.1-8b-random_iid_s16/caa_logits/tech_ceo_assertiveness.npz	13391	7021f378cd2963f3dd79aa989ed958d8ef500c05e9df5752d55d640f41547772
llama-3.1-8b-random_iid_s16/caa_logits/tech_ceo_confidence.npz	13379	a97e4bff3e63e24a50947ab9109b4f7b94912459defd5131dbeb77c3ec4d8932
llama-3.1-8b-random_iid_s16/caa_logits/tech_ceo_deference.npz	13375	16b2bf03a8758c8261ddbb4e0dd143f7d1b6c54595a1cbf23c8704f7c6a628bb
llama-3.1-8b-random_iid_s16/caa_logits/tech_ceo_empathy.npz	13346	a1ff65fbbd0fdf8a395393ca3beeb9eb3fd6eeb4739fe9052fa5ab2a2671ca86
llama-3.1-8b-random_iid_s16/caa_logits/tech_ceo_honesty.npz	13367	885fda32702c4a84071fc0dedb0a7ca081d8fd5ac02b4c7811abf0245552d8a4
llama-3.1-8b-random_iid_s16/caa_logits/tech_ceo_impulsivity.npz	13383	540a7bc12ddd77012e4846b23efc7fa34b54fb27e97b67f5750f5e6bcde9e490
llama-3.1-8b-random_iid_s16/caa_logits/tech_ceo_risk_taking.npz	13383	8e70616e9db12685780cfcfb7102f7452b2e42df3dd87b005998948d1400c32a
llama-3.1-8b-random_iid_s16/caa_logits/tech_ceo_warmth.npz	13363	6c31404a3e6709a67936db39f30d7560e7d8878e4fd43943625391c6a8dfc67c
llama-3.1-8b-random_iid_s16/caa_logits/therapist_assertiveness.npz	13395	19243b79420d2c03372f07342eb0d7991cf922793f5f2b2998d2b12397c47254
llama-3.1-8b-random_iid_s16/caa_logits/therapist_confidence.npz	13383	fd5fd52f372fd1e39d134cb20af2cc6c75525c8e5e37525eee5521e732238c66
llama-3.1-8b-random_iid_s16/caa_logits/therapist_deference.npz	13379	ba66530e8d61c10d91e4146e51566a652ec13d07f23f0d7b8dc596fc918b75fb
llama-3.1-8b-random_iid_s16/caa_logits/therapist_empathy.npz	13350	d09d7e93c7d38dfc2dc6c96348d83c431d5abbedbf13154cbe2a5c9cca34ae09
llama-3.1-8b-random_iid_s16/caa_logits/therapist_honesty.npz	13371	e6bd3afb53e474189648d918ac479735b782a498f9ad29e230a8554d5ee57b46
llama-3.1-8b-random_iid_s16/caa_logits/therapist_impulsivity.npz	13387	e0e1636a71b29dcfcbe119f4c47f9892e86e5b76c7c8fcc558486d27075e97b6
llama-3.1-8b-random_iid_s16/caa_logits/therapist_risk_taking.npz	13387	3a2e3b1f6b3a78e2b790fee99e880e17c41a2937c9fd35320e07feb2b2523bcd
llama-3.1-8b-random_iid_s16/caa_logits/therapist_warmth.npz	13367	f5b77300d493fcc57239266630aecab66ec0850c74caddc82b5988a0fafa3437
llama-3.1-8b-random_perm_s16/caa_logits/con_artist_assertiveness.npz	13403	d76925dc173e9e6e7c4a5ef95f915480ffae54eb0e56230d6f371c4558a775e9
llama-3.1-8b-random_perm_s16/caa_logits/con_artist_confidence.npz	13391	9899d3b4ad386dbe5b05ce6cfcda96a0899bf07630eef088c61de647c32f3ca7
llama-3.1-8b-random_perm_s16/caa_logits/con_artist_deference.npz	13387	acd41bb7bf19c28b0c602c61912298574a75f80fdf438917c3a70b805be6d125
llama-3.1-8b-random_perm_s16/caa_logits/con_artist_empathy.npz	13358	c48d3e575b9e4afdcb18ca3a5f964239e309a337f946adf1c04b0566935bd45a
llama-3.1-8b-random_perm_s16/caa_logits/con_artist_honesty.npz	13379	0c16fb87a4ef048c1c47c9afd8bc2344c6106b4812684e5000814b80e2b4f534
llama-3.1-8b-random_perm_s16/caa_logits/con_artist_impulsivity.npz	13395	5f6bdbb5a56ca66bed0e229becbc7008b25b6101a2f8c0d1870c4579f6ebef58
llama-3.1-8b-random_perm_s16/caa_logits/con_artist_risk_taking.npz	13395	c0095f42328494057f453476f74d97f411d53d50eaa900ff4f96e84352cd6b8a
llama-3.1-8b-random_perm_s16/caa_logits/con_artist_warmth.npz	13375	dc1fd1ffec28d4e421b6575caca6b736c54228aaabb05c7339abf9dba57f0e50
llama-3.1-8b-random_perm_s16/caa_logits/drill_sergeant_assertiveness.npz	13419	e081224863b9b6b9344e4eb010c67958795012db93249740447376e9f8575d7e
llama-3.1-8b-random_perm_s16/caa_logits/drill_sergeant_confidence.npz	13407	152c597b03281c5b8dd17e7d94604e98bb630638fef369ff73a514defefbe52a
llama-3.1-8b-random_perm_s16/caa_logits/drill_sergeant_deference.npz	13403	e94423dacf152d3a827c1ee824e61aac07adda8a04fa3f612685ae133b87be21
llama-3.1-8b-random_perm_s16/caa_logits/drill_sergeant_empathy.npz	13374	b3141c169ee6f4854d10ce15981d8f85274742893b32ca6ec6b95d5d096181f8
llama-3.1-8b-random_perm_s16/caa_logits/drill_sergeant_honesty.npz	13395	b95a8ae53b553df49424a1d5b4a7f628c917fac3e1236fc3dccb28ed54bde945
llama-3.1-8b-random_perm_s16/caa_logits/drill_sergeant_impulsivity.npz	13411	a6a939b5743ca4cd98d55ca72f4678a82bed2ff20e0e96fde7bf44dc4d4b9959
llama-3.1-8b-random_perm_s16/caa_logits/drill_sergeant_risk_taking.npz	13411	1feed3d047ec18ae0e641c73b59cbba47d19e90dc9c83c754e886fce43ff6522
llama-3.1-8b-random_perm_s16/caa_logits/drill_sergeant_warmth.npz	13391	cfbc38bb1eb127a51aa79fc0a7ef3fd49aef410e591cdad58f31a7de7c4f0f87
llama-3.1-8b-random_perm_s16/caa_logits/farmer_assertiveness.npz	13387	99678acb60c57436beb44236c32eb0758940d73462183888d7bccf7f72216e2f
llama-3.1-8b-random_perm_s16/caa_logits/farmer_confidence.npz	13375	5bb879e4903f953ddddd7611749438ca07d689660b24c32385ccd05d5892761a
llama-3.1-8b-random_perm_s16/caa_logits/farmer_deference.npz	13371	dbae59dcef89f9beb58759beb6b80b2fb7dac42641d3fe49177882bae7f64faf
llama-3.1-8b-random_perm_s16/caa_logits/farmer_empathy.npz	13342	f9851887eb5b261d930863ed61decdb66a95bc1d9fc2fc3f3b5d0d084c7029df
llama-3.1-8b-random_perm_s16/caa_logits/farmer_honesty.npz	13363	893ba476e0c1724215f74faaf86f600c3ff834dc580ebd156935aa4e83c6798e
llama-3.1-8b-random_perm_s16/caa_logits/farmer_impulsivity.npz	13379	6935e18f549966c939c6f00e2221493089378834f66e63c69201ccb2d0e2f0e4
llama-3.1-8b-random_perm_s16/caa_logits/farmer_risk_taking.npz	13379	08d9352673e801b6442d8b2e544774731ef261afaf961d47869c3a075c4e0b9d
llama-3.1-8b-random_perm_s16/caa_logits/farmer_warmth.npz	13359	a4449f57e8437d2dfbb1faf1254106850ac44a31b857721d7cc8742b3b1551e8
llama-3.1-8b-random_perm_s16/caa_logits/kindergarten_teacher_assertiveness.npz	13443	b69b7ce4e2e48ad8f84b6b508f8fef91f2f6d4e706e04f431048d37fd1fba211
llama-3.1-8b-random_perm_s16/caa_logits/kindergarten_teacher_confidence.npz	13431	0903f02566a52f26910116cf6ed60ad7921b72e89732fbe7a0e8c56be5797253
llama-3.1-8b-random_perm_s16/caa_logits/kindergarten_teacher_deference.npz	13427	65a9189a89c48da15c51e1a3b894dcc8b55626d044d88dac03efebfebd166cb4
llama-3.1-8b-random_perm_s16/caa_logits/kindergarten_teacher_empathy.npz	13398	66343acba3541ba606e29ae244e49ed4381da139bce833e4bb3d0a49bdf49286
llama-3.1-8b-random_perm_s16/caa_logits/kindergarten_teacher_honesty.npz	13419	9cb35e131a5858047c96f5d001ca5a53fcbf6e60101d953eaed3bf8d8fc382b0
llama-3.1-8b-random_perm_s16/caa_logits/kindergarten_teacher_impulsivity.npz	13435	975ceef8e643c7cc6c7c173b1c040085d97bb6f58915cb1dfcaf9a104a11ce1a
llama-3.1-8b-random_perm_s16/caa_logits/kindergarten_teacher_risk_taking.npz	13435	889ec69b6b0db9ae46d2a5cc4322b88315fc7d47e182ae803ababef47bb5d6f5
llama-3.1-8b-random_perm_s16/caa_logits/kindergarten_teacher_warmth.npz	13415	2b78d07e73e716027623187f6eb77e0c43abcdb82526a81381532b5edbc30514
llama-3.1-8b-random_perm_s16/caa_logits/null_assertiveness.npz	13379	424fe98f8988016aef4126cd154f93da34e3d9c14e18435e58ca2be1fb8c9a7b
llama-3.1-8b-random_perm_s16/caa_logits/null_confidence.npz	13367	ce985bb6488e2a0a8ce014225960323d205f79d303b0bcea85f9c993c807da64
llama-3.1-8b-random_perm_s16/caa_logits/null_deference.npz	13363	4daf9294a89849a71eb61d18148c42361312cd4d115cb6c64670d3e77e58d5ed
llama-3.1-8b-random_perm_s16/caa_logits/null_empathy.npz	13334	ca4c4bc5d2165e2adfdf75b6450a82a075cc4842ab7abacb93109c791ecc385b
llama-3.1-8b-random_perm_s16/caa_logits/null_honesty.npz	13355	518cb37885804c8074be9ecc0e07c99606680d585de231c5979ab6aac623bb18
llama-3.1-8b-random_perm_s16/caa_logits/null_impulsivity.npz	13371	b65d8936edb5ec30cd1747e39a8b87f570295dec8496258d79548bbefb4f3d13
llama-3.1-8b-random_perm_s16/caa_logits/null_risk_taking.npz	13371	d9ec93a930ddaf486978388ca2b9102aca509b52576698ad88832572501a8ea8
llama-3.1-8b-random_perm_s16/caa_logits/null_warmth.npz	13351	ab5d09417c17aa4507504bc65ccc47b9400578a57cd3d830b42d7bdc51f6dd8a
llama-3.1-8b-random_perm_s16/caa_logits/politician_assertiveness.npz	13403	24c188b75a12b4300c77abf12e7932bc922691072476cd1451f24a37716b45aa
llama-3.1-8b-random_perm_s16/caa_logits/politician_confidence.npz	13391	8f7bef69a56a662480c58b275ee41ddc3a341407a0c48113bae66ebb517fbc62
llama-3.1-8b-random_perm_s16/caa_logits/politician_deference.npz	13387	a2592b8dbffe766e3293daeff856089f2066f8457b3ada990a1309d33a9be803
llama-3.1-8b-random_perm_s16/caa_logits/politician_empathy.npz	13358	ed589821a9d52eb1c739ff811c0da05e640d244227e846a04c76c86df8134a0a
llama-3.1-8b-random_perm_s16/caa_logits/politician_honesty.npz	13379	a4e68eec3ece7bb5f76a65fa34a113dd6d8b2cd39a69678db68db0b6fec09813
llama-3.1-8b-random_perm_s16/caa_logits/politician_impulsivity.npz	13395	5efd21bb09dd4fe4663ba532b6361e9335542c18112b1cc10808f448d7fd483a
llama-3.1-8b-random_perm_s16/caa_logits/politician_risk_taking.npz	13395	027be01cec0b7a98a71213ddb365e02b751345867d40d2e9fa35068ecbd8dac7
llama-3.1-8b-random_perm_s16/caa_logits/politician_warmth.npz	13375	2ee71ae338fde55315c51746fa69cdec082125ae908d56b1080a125e5d0d94e0
llama-3.1-8b-random_perm_s16/caa_logits/professor_assertiveness.npz	13399	f9fcab529461c0233b9d16f8ab89cbbf4a4cfcfd6f6a7859d05df19a0c182d05
llama-3.1-8b-random_perm_s16/caa_logits/professor_confidence.npz	13387	58af08977939ee6c319ce18f474067284552987dab5425b2f2346308e8d411b3
llama-3.1-8b-random_perm_s16/caa_logits/professor_deference.npz	13383	c9a81c673ec11d641ed68347358540b637dd2a5b4c68851a50a61c7c63a8a76c
llama-3.1-8b-random_perm_s16/caa_logits/professor_empathy.npz	13354	e9122e35086b11d6e4b4373ef6def07ab3b26919267bbfaa9a964dbbb092a245
llama-3.1-8b-random_perm_s16/caa_logits/professor_honesty.npz	13375	7e3de3b739fd3db3d27299342a4d77d4d47cfaad6e113bf9c6d68aebd967bbbc
llama-3.1-8b-random_perm_s16/caa_logits/professor_impulsivity.npz	13391	5091d2bf55c1f6722b89813946eb914dfcbc5faebcb5e6c1f2408154726c4d2c
llama-3.1-8b-random_perm_s16/caa_logits/professor_risk_taking.npz	13391	16bdbcaae81cb8d9ff0acb29511c4c373efd371abf9e80effeea2cc79f0a568b
llama-3.1-8b-random_perm_s16/caa_logits/professor_warmth.npz	13371	ff25cdbd6ba2a9e8814ed1b9144edbb78d166da0b4406c6467f8bc9db2833272
llama-3.1-8b-random_perm_s16/caa_logits/street_hustler_assertiveness.npz	13419	469d5f00864d6a8f9b1e1d76f7d923bbe330116289798171890c062bd7f96e85
llama-3.1-8b-random_perm_s16/caa_logits/street_hustler_confidence.npz	13407	49f4deff112fe98692e602c20e81df2abce3d8256c8f4d185f7b1d3538a30e41
llama-3.1-8b-random_perm_s16/caa_logits/street_hustler_deference.npz	13403	e6a291c31e58c8dd4751115bba8c1d1f0433709cbef9bf8b0316c64b001147c3
llama-3.1-8b-random_perm_s16/caa_logits/street_hustler_empathy.npz	13374	2d645e8b81cd59f79a8404c861a26a6041091f692dbf8a4d36f25d022fb239f3
llama-3.1-8b-random_perm_s16/caa_logits/street_hustler_honesty.npz	13395	6f2d8146c75aa9d6192225a3705616b63539104073544d71a4789975d9f1d72c
llama-3.1-8b-random_perm_s16/caa_logits/street_hustler_impulsivity.npz	13411	103a4a75e5565bc0910397c48708307d6a3171aeea0c21a5d3b2245e7ba57a4a
llama-3.1-8b-random_perm_s16/caa_logits/street_hustler_risk_taking.npz	13411	626e90b2d5e20061a0e9ca1e189d45d35e65d428117bd1f1533ea9313071e2bc
llama-3.1-8b-random_perm_s16/caa_logits/street_hustler_warmth.npz	13391	2603a1985c35ce72396c3f02d9563ae4e7c429c25c5a5c5a598a65a1145a3448
llama-3.1-8b-random_perm_s16/caa_logits/surgeon_assertiveness.npz	13391	8b60776d4b1a3b51ab5f16b00d20ecc0b02bdafc63714c449a867089369a618c
llama-3.1-8b-random_perm_s16/caa_logits/surgeon_confidence.npz	13379	fd312f7366de63cc5ffbc648149c741ca6d3f30a51919c28230793160508fc1a
llama-3.1-8b-random_perm_s16/caa_logits/surgeon_deference.npz	13375	1bed3990c8cdf5c73a171ddf696d792220352920b3b267b8c417ac80cbeeaea0
llama-3.1-8b-random_perm_s16/caa_logits/surgeon_empathy.npz	13346	0cfca1e00d181cd7387204e18f18545d7451160b8fe46276f5344817ac2c7ebb
llama-3.1-8b-random_perm_s16/caa_logits/surgeon_honesty.npz	13367	ab58c38d0e0652697a4194e158dd35f64fecf116abc884376a88f95f19be8c8f
llama-3.1-8b-random_perm_s16/caa_logits/surgeon_impulsivity.npz	13383	7688a87c5a82d899e9c03181ce9662b4f4f156201977cbaac093c215d781ed68
llama-3.1-8b-random_perm_s16/caa_logits/surgeon_risk_taking.npz	13383	41c978631aa2095d28934ad5c31e3f8190c1d7bc3194f40eaf95aa48b7752da7
llama-3.1-8b-random_perm_s16/caa_logits/surgeon_warmth.npz	13363	640c1f4899c1d285c1f1a19c9537844ab9feb7e356960fe50c3da7c0341e6d0f
llama-3.1-8b-random_perm_s16/caa_logits/tech_ceo_assertiveness.npz	13395	08186ea65bba569a93788ad188caf0d6f66bc0a94ba4fafa7de9b8291c339188
llama-3.1-8b-random_perm_s16/caa_logits/tech_ceo_confidence.npz	13383	f09064439750aee22bad22290ef0070f17bc1d4e9a67fbd95b41a32fe945f63b
llama-3.1-8b-random_perm_s16/caa_logits/tech_ceo_deference.npz	13379	1570182465e6e0d36ce27faf7ecc0f5e6821d70b73cf968649cb4a5ed72c1ec9
llama-3.1-8b-random_perm_s16/caa_logits/tech_ceo_empathy.npz	13350	c47eaa34e5f67c01d2c8efbc3734b5e28d043b51ef0aa845d70913fd974d227f
llama-3.1-8b-random_perm_s16/caa_logits/tech_ceo_honesty.npz	13371	7c60a7c9b0b6d37e6c4d3ccb4e97fd57c1df412653e6f624e5026ae3b1adae97
llama-3.1-8b-random_perm_s16/caa_logits/tech_ceo_impulsivity.npz	13387	146d1483f13ac6ccba27e853c319ceaf13cf6c57ca0e035716dd2ee91eac3734
llama-3.1-8b-random_perm_s16/caa_logits/tech_ceo_risk_taking.npz	13387	1c7e1a7a3195b7f7639de69a3c8400dffd4d243fe9c11de725508fe7d9c421e4
llama-3.1-8b-random_perm_s16/caa_logits/tech_ceo_warmth.npz	13367	47a2d57671772cc297b3dba9ad5fc6dc7a2cbb2dfe36691c993b22db0513e398
llama-3.1-8b-random_perm_s16/caa_logits/therapist_assertiveness.npz	13399	05f36139bedeafce2f75cdc84255205145abf6f62edffc61d19380b260d564ad
llama-3.1-8b-random_perm_s16/caa_logits/therapist_confidence.npz	13387	7ecc1b29fbb53caeaf272f19ca42a303b532c752262ae3bf8198eca72e3e1d31
llama-3.1-8b-random_perm_s16/caa_logits/therapist_deference.npz	13383	ef639de5b16acd1712650e8d592f540b6801da081045b21974f96d9126ef9bda
llama-3.1-8b-random_perm_s16/caa_logits/therapist_empathy.npz	13354	87bc672d948599da87e7b293a5f98fddd36f794b4c6e1f0ba6e11cdd2397a586
llama-3.1-8b-random_perm_s16/caa_logits/therapist_honesty.npz	13375	d57d1d7ced2a7b11ef1238044764bea9e28c4b46242371e41ead8d3512bda63a
llama-3.1-8b-random_perm_s16/caa_logits/therapist_impulsivity.npz	13391	df2841d49703d740b5b7f590325b89db395718b5c7050ec9de4b567b3ecebb0e
llama-3.1-8b-random_perm_s16/caa_logits/therapist_risk_taking.npz	13391	9d9f519a806279aec9637e922ae3844a4ec79cc6aebe1aab28b55be7762ccbd2
llama-3.1-8b-random_perm_s16/caa_logits/therapist_warmth.npz	13371	2cc252e879719b57bc27c8eab60340b92da92608106ddbfdb9f3e495fc183945
llama-3.1-8b-base/caa_logits_forced/con_artist_assertiveness.npz	13359	c112a827002866b5559ee4081de3d85d4b8c10ea9347233733217e4fc12deac9
llama-3.1-8b-base/caa_logits_forced/con_artist_confidence.npz	13347	16158bacef3ec72713d081e660cb27b8bd6ef94ee8da5fceaecb9f29285b39d1
llama-3.1-8b-base/caa_logits_forced/con_artist_deference.npz	13343	90f7a67f68ee8a4f08934e0235b46e06a26caf1673b14fe5e864afda020d1831
llama-3.1-8b-base/caa_logits_forced/con_artist_empathy.npz	13314	ce53cc2e672e3c4b7a5aa436b00e551df4fee00240bf5893be4d2a7aae82b735
llama-3.1-8b-base/caa_logits_forced/con_artist_honesty.npz	13335	df0f4da27a6e1260437ea6a30737897f12c37214793cf3988ea48e8d420bb20c
llama-3.1-8b-base/caa_logits_forced/con_artist_impulsivity.npz	13351	3575914cd462c3b2fabeb099f7b49f5e97e28890444bf593639bd8bba43c3ecd
llama-3.1-8b-base/caa_logits_forced/con_artist_risk_taking.npz	13351	92d8dd003fd2d6fd84803c2c4453dfe05aa74d1bf90d67077c97182e188dd788
llama-3.1-8b-base/caa_logits_forced/con_artist_warmth.npz	13331	8295a61fd486bd5dd8677abfcc2e180e2e177885e729d3ea871d4f01fb1018fe
llama-3.1-8b-base/caa_logits_forced/drill_sergeant_assertiveness.npz	13375	0efc9dccc51677dedb3ba4dca40097bdd32453a9a7ebb0d81b065b1ed22cd3dd
llama-3.1-8b-base/caa_logits_forced/drill_sergeant_confidence.npz	13363	022fd8e6b90f5f105dc930a58132813dc367acf230dd016eb8fd66ebcc6ef6bb
llama-3.1-8b-base/caa_logits_forced/drill_sergeant_deference.npz	13359	b2f5d910c2c3701e9e062abe33ee40eed0cfb1c0ee1f37ffae545073116b4446
llama-3.1-8b-base/caa_logits_forced/drill_sergeant_empathy.npz	13330	e8eab01f364ca6c846ceb0ba82c3fcbe655e2f9561051f0c341ace1775b1d913
llama-3.1-8b-base/caa_logits_forced/drill_sergeant_honesty.npz	13351	7c9c097a6c56f4d088833caffc9d048b567e9f27e8127fc36ca9bfc13adb96ca
llama-3.1-8b-base/caa_logits_forced/drill_sergeant_impulsivity.npz	13367	7dc38bfabca0fac794966140e9d4a063e2fc32afcac97173b49b8861f20d221b
llama-3.1-8b-base/caa_logits_forced/drill_sergeant_risk_taking.npz	13367	d134cb317c99f498edd3c5c0eee4b25fb2d8d200aaec6fab6580daec6c825be5
llama-3.1-8b-base/caa_logits_forced/drill_sergeant_warmth.npz	13347	140bf7103c1de07ade10a0ac0f23c35ab07f3b24de2e53eb268b2498115efa07
llama-3.1-8b-base/caa_logits_forced/farmer_assertiveness.npz	13343	35513fc6ec50f2e7d3de66ac8c01d8b28096d437d683907e9c3110ca6637e501
llama-3.1-8b-base/caa_logits_forced/farmer_confidence.npz	13331	50edb7877755199efb02f314c268c4063e41ccd6ef7f9cdc5b4e0b77b6702583
llama-3.1-8b-base/caa_logits_forced/farmer_deference.npz	13327	fdb2e2060990e2a946b2949502e08a61f45d3d546342c178b04df5521105896b
llama-3.1-8b-base/caa_logits_forced/farmer_empathy.npz	13298	fb1920ac2ae9c24ef0892cbc59b7066892c50d4a9154867b9c801e8602e1e67c
llama-3.1-8b-base/caa_logits_forced/farmer_honesty.npz	13319	389c347139995bc604316b2481c75d38da25eb2f30f99120578b443cf539f5c3
llama-3.1-8b-base/caa_logits_forced/farmer_impulsivity.npz	13335	4096f430dc8501d69f62e49ff8a9764b0e74fdad12e6ec780666700a4804fa90
llama-3.1-8b-base/caa_logits_forced/farmer_risk_taking.npz	13335	97dc366a2686d0c97d6dac59fd10490bbe457e3ee79bfbd4acf195201b026601
llama-3.1-8b-base/caa_logits_forced/farmer_warmth.npz	13315	8f71005e2195cf8c1b98cdc04bbf349ff12d4e3d685a5a9422f54a7b9b0a2dec
llama-3.1-8b-base/caa_logits_forced/kindergarten_teacher_assertiveness.npz	13399	358522a428ae49f47e25d0f02e557d0a7616769a7396f0a90015e0911d0a34fb
llama-3.1-8b-base/caa_logits_forced/kindergarten_teacher_confidence.npz	13387	755dea387a9541002a837f658312d0aab2af1b6a1de5eef9d4a98599e38ccc43
llama-3.1-8b-base/caa_logits_forced/kindergarten_teacher_deference.npz	13383	76ddcbf9d23362e3f2ed8821680d4072c2a25c8120f0673430e4d5bd596752b9
llama-3.1-8b-base/caa_logits_forced/kindergarten_teacher_empathy.npz	13354	c918e5740257d54787b27e6f10f27a78cce027604c9e065fc2998cc3e1e2e35c
llama-3.1-8b-base/caa_logits_forced/kindergarten_teacher_honesty.npz	13375	59c63b449fd46399b9b69280ae5a7ef4c326178ba3557a8bee9dbbd5eaa82fff
llama-3.1-8b-base/caa_logits_forced/kindergarten_teacher_impulsivity.npz	13391	cd5a8c11bea22c8f57c15c6f0be676efe1110bff34759a7beb9a963515a2a8a8
llama-3.1-8b-base/caa_logits_forced/kindergarten_teacher_risk_taking.npz	13391	a6af661625a76145b6ee8191496fe38eebb8598e9f703d9e50ff08b1db6de5ea
llama-3.1-8b-base/caa_logits_forced/kindergarten_teacher_warmth.npz	13371	48ad5b3859bbffc87631c2dc9edb94e11866b2650a25fdd1c92a57d3454321b4
llama-3.1-8b-base/caa_logits_forced/null_assertiveness.npz	13335	0068f2587dad8b188682ecbf1c9661ed9acd142eb2c29b9cc3976a297f056046
llama-3.1-8b-base/caa_logits_forced/null_confidence.npz	13323	405bad602c1dd706f4e7384c3d68cdcbb207dfa4fc68cbc344da0146041bdf44
llama-3.1-8b-base/caa_logits_forced/null_deference.npz	13319	f8b0252daece49c761398dc7f2003774c5fc783c0152ffa98c52cb10a4d1c607
llama-3.1-8b-base/caa_logits_forced/null_empathy.npz	13290	75994f8dd4815c46199b29c096882f5b603b4c084064ffef4c26baef1f5ceaeb
llama-3.1-8b-base/caa_logits_forced/null_honesty.npz	13311	b6939999daee81aef823ec98774ce672a7e2a90f194476325f19cdf54d191f1b
llama-3.1-8b-base/caa_logits_forced/null_impulsivity.npz	13327	cf6c36057c9b519a34409bf6c09410fb46ee7d43ab6f273097798136780b6e3b
llama-3.1-8b-base/caa_logits_forced/null_risk_taking.npz	13327	2735796889882b570ea029e48282149328fe80fb7ad5618f91229e36d8d578c2
llama-3.1-8b-base/caa_logits_forced/null_warmth.npz	13307	194f88e3825e5a009b9080067baf6f0c867b0c7201bc708c07b162ca9d7912dd
llama-3.1-8b-base/caa_logits_forced/politician_assertiveness.npz	13359	4b2cc4bc58939b01e961915d6125e9c155320bd79bc463abfb3398c7b529ce65
llama-3.1-8b-base/caa_logits_forced/politician_confidence.npz	13347	e92e36accc2dcbf608a96770cfc0596090d73faccda5c3f90f50c8b334a7e0a9
llama-3.1-8b-base/caa_logits_forced/politician_deference.npz	13343	21ec68c59f932f31b4a82919377e468fd7346b9ff0113399ebf1226d9dedbfc8
llama-3.1-8b-base/caa_logits_forced/politician_empathy.npz	13314	a264944708fd0fda981a7fea3b83926d8627fe6956bb88936eab3581916eb9ab
llama-3.1-8b-base/caa_logits_forced/politician_honesty.npz	13335	6a1165de1c26991fc80bd197b4dccfb41e29531e1e1407dd7a0cb1146cf0b98b
llama-3.1-8b-base/caa_logits_forced/politician_impulsivity.npz	13351	e211730d2209c351d935721ee309150cce6407f0d8056d30eab7be3e08e442d2
llama-3.1-8b-base/caa_logits_forced/politician_risk_taking.npz	13351	297da5648b77b49dd1eea40e7f80bd117b805ce5aea28de39756b13a4a6278fc
llama-3.1-8b-base/caa_logits_forced/politician_warmth.npz	13331	6375ec274a49c231a32ba6ae3b320f9cd844f2e3bb3dcbef20a2025792405d57
llama-3.1-8b-base/caa_logits_forced/professor_assertiveness.npz	13355	004942e2ee297ab90381a1a7ab2a3f3480a65dcf81a57a1b33f5383b5b963e67
llama-3.1-8b-base/caa_logits_forced/professor_confidence.npz	13343	8d04269af3d4f5dc2f94a073ac4c145263a137f8c37d84fc06686f8540153f50
llama-3.1-8b-base/caa_logits_forced/professor_deference.npz	13339	7e48008f9462790e0d413ddb3436ab3b22560856d48e38ba872c8639ec2699f1
llama-3.1-8b-base/caa_logits_forced/professor_empathy.npz	13310	140b502cd262908d27ada9cb5a6c5b9f0a3dc444ba58decaf70ccaa56c886df9
llama-3.1-8b-base/caa_logits_forced/professor_honesty.npz	13331	b36ebd18b620ee6ad24531eba3ab99e74c59eba3e484dde01b61bf54686e3ae4
llama-3.1-8b-base/caa_logits_forced/professor_impulsivity.npz	13347	d142391abc9c805624f72df500b1df665093c91c500fae420507d6018c6ea0a2
llama-3.1-8b-base/caa_logits_forced/professor_risk_taking.npz	13347	75d4b13b986f2b002af440b409649eaae2cf137615f918273e7aac4d1d8c04cd
llama-3.1-8b-base/caa_logits_forced/professor_warmth.npz	13327	0d33f3565b51dbceda3ab016758514b9f7e11cb6b627e40b8176b02231cec698
llama-3.1-8b-base/caa_logits_forced/street_hustler_assertiveness.npz	13375	23219c1be4322cf822fa2988902d6bd780787aa6cd6c00b9ab7aa3eecea22d1a
llama-3.1-8b-base/caa_logits_forced/street_hustler_confidence.npz	13363	e0833f185628229ce3b7f8b10615cd755a056f36dbf4f2dec524710c2d3dafb6
llama-3.1-8b-base/caa_logits_forced/street_hustler_deference.npz	13359	66d0f7ca11fab1d8aa995b98393b7bf9e01787569ceb480a1aea3290c5e89ae3
llama-3.1-8b-base/caa_logits_forced/street_hustler_empathy.npz	13330	05b50d500322f1e9b99f44afebf471c45926dd5a0513ddae4ed925cd0dd5724c
llama-3.1-8b-base/caa_logits_forced/street_hustler_honesty.npz	13351	ee8a33796f96cf50cd7a2fa4e3a8a4f073ca855feb80cf280025e178768e7524
llama-3.1-8b-base/caa_logits_forced/street_hustler_impulsivity.npz	13367	76ab4249d1022d5353eddaf41f71c75f067d5addfbec5ab2563e1688a9736369
llama-3.1-8b-base/caa_logits_forced/street_hustler_risk_taking.npz	13367	f955dea5f016d10994c4a6999685619edfe3f1aba8a19dad31797c0fb0862e60
llama-3.1-8b-base/caa_logits_forced/street_hustler_warmth.npz	13347	1c4ecde0b89bf5e3280562492677b03ab39f8d6458843d7a3a3511aa2f72781e
llama-3.1-8b-base/caa_logits_forced/surgeon_assertiveness.npz	13347	ad569a4f3680a6364a38fb99bbe6193ad45262cc4ef5f76cfe59043d32ddf076
llama-3.1-8b-base/caa_logits_forced/surgeon_confidence.npz	13335	4e0bbc28fa44db011e447ce9d187af30c337043aa23fc3811fe749c0f80d0183
llama-3.1-8b-base/caa_logits_forced/surgeon_deference.npz	13331	c79cb387fa571e81ab928017912828f6ee87b661f0c5b4596198bdcd16b1b11a
llama-3.1-8b-base/caa_logits_forced/surgeon_empathy.npz	13302	4a3575ab6cb0c4f3ecf67355c0def51c9c5eaa33f7b0bdb11b464deac1499768
llama-3.1-8b-base/caa_logits_forced/surgeon_honesty.npz	13323	f6a37cc3ef6def44601ebba6bac6edfd99ddbed4e5efeda99579861af7455bf6
llama-3.1-8b-base/caa_logits_forced/surgeon_impulsivity.npz	13339	1c76c70f67ae618520adee72b5bb7cb5af4198e233567a3aac201ffb86d673ea
llama-3.1-8b-base/caa_logits_forced/surgeon_risk_taking.npz	13339	523b26679c0fec988403d4c4e259076ef69d5e597b3d5b2fb78dd01ab1ff684c
llama-3.1-8b-base/caa_logits_forced/surgeon_warmth.npz	13319	675312fe0a79c2e6e70c3122d1935115099303a95a60109c3b66559cc9f04fbd
llama-3.1-8b-base/caa_logits_forced/tech_ceo_assertiveness.npz	13351	2030f5ef523ebc643d656962a22d281f9b7b78bbe295789b9aec7887eaf13fd5
llama-3.1-8b-base/caa_logits_forced/tech_ceo_confidence.npz	13339	502e05c10b96f3f91e1e7cab15d649e804d85a7efb30aaafa3257add94cc2b42
llama-3.1-8b-base/caa_logits_forced/tech_ceo_deference.npz	13335	61b47d927a5d0d54c7676c9bd34852905115ed3b660ba135b40aafc7626d3411
llama-3.1-8b-base/caa_logits_forced/tech_ceo_empathy.npz	13306	5bab92de9a01d02cc8c9839ce16549a5e9139912589e6875a19a9f65a3931148
llama-3.1-8b-base/caa_logits_forced/tech_ceo_honesty.npz	13327	e65b7860ef01f43e7ec0db591529df750f69aaf754292b250bf1d5631ca2369a
llama-3.1-8b-base/caa_logits_forced/tech_ceo_impulsivity.npz	13343	90b4f8b64de8f4d5731474adb5b68c2699514379976efdf06d7957f91248cd7d
llama-3.1-8b-base/caa_logits_forced/tech_ceo_risk_taking.npz	13343	750ed7746f65a01f9cf1eaf594f4c1ee28acb0885011c9c21a3027aa3a444fc5
llama-3.1-8b-base/caa_logits_forced/tech_ceo_warmth.npz	13323	51752cc520fe6acb47314ced22df846353d90beca16472018bbaeacfd508252a
llama-3.1-8b-base/caa_logits_forced/therapist_assertiveness.npz	13355	fea397a0776259f672a940887f10c86df05065c2cf4dcff25ced715a9e1b00cf
llama-3.1-8b-base/caa_logits_forced/therapist_confidence.npz	13343	0ed166a74ff5dda38170bd382c8db80462004fb11312d18b940a0471ac29e38f
llama-3.1-8b-base/caa_logits_forced/therapist_deference.npz	13339	570da404567cdb80ab391ce19b43d6b95a0e9612f32ad1b5852da25ec53d325d
llama-3.1-8b-base/caa_logits_forced/therapist_empathy.npz	13310	10b7cc985ef914ddeada43060ad40816afdf3ae7f8d530afbd4334d6898e794b
llama-3.1-8b-base/caa_logits_forced/therapist_honesty.npz	13331	e9835b5dd3704478ec19832d73b69ec8a3b05c9f65af8b27e24deac3e738536f
llama-3.1-8b-base/caa_logits_forced/therapist_impulsivity.npz	13347	9eabec19d1caf762f6bd1c91b2afa883bacc4db6d6697886b81edef9ea45e926
llama-3.1-8b-base/caa_logits_forced/therapist_risk_taking.npz	13347	1d85eddac8aaaa54022f049f93c81710ae42e4ff93f22ff360fb2a5a14d52220
llama-3.1-8b-base/caa_logits_forced/therapist_warmth.npz	13327	6686028d87c93dffbf90afcb2f85a093f5579d7f4d5f33d77cf9b8c6e3f7acce
llama-3.1-8b-goodness/caa_logits_forced/con_artist_assertiveness.npz	13375	33d66d89cd485df2c5354bd2b7e9cf20de1299ac6b7bdba0ca9567249f3d94cb
llama-3.1-8b-goodness/caa_logits_forced/con_artist_confidence.npz	13363	36046dd26befe57861e18a9ccc00b51870c073a6e13aa9a7e07df460afe1dea7
llama-3.1-8b-goodness/caa_logits_forced/con_artist_deference.npz	13359	d381d7ddb5e9734f192da22c725e115bc2692fc2034910a7c786d749771c409f
llama-3.1-8b-goodness/caa_logits_forced/con_artist_empathy.npz	13330	d44026aab1f59a738813f5613209b27bd9c2cc8921c0f510b7500f66465375f7
llama-3.1-8b-goodness/caa_logits_forced/con_artist_honesty.npz	13351	d5adec659702edf8e3e3dfd2d2d3846f5c0dd6270d84abd4a8f3b3c1c2825f67
llama-3.1-8b-goodness/caa_logits_forced/con_artist_impulsivity.npz	13367	9b0730870830f2b5a7c041339ff7c8f74201b41e94ad614f124a51494c41b6ce
llama-3.1-8b-goodness/caa_logits_forced/con_artist_risk_taking.npz	13367	be425a9e9a9d3d217aeacb4bf5831c72d64efd3339a09ef18a46725ea0e8da6e
llama-3.1-8b-goodness/caa_logits_forced/con_artist_warmth.npz	13347	0012bf628e622cfb42edeb20eff9e1797a8dc4ff80a0aa9ecd1474e26d962c9b
llama-3.1-8b-goodness/caa_logits_forced/drill_sergeant_assertiveness.npz	13391	e2d794d8e7fe9bb13c225863f46f3415b983d5eb21ab99f7a1c484c2b6a0b103
llama-3.1-8b-goodness/caa_logits_forced/drill_sergeant_confidence.npz	13379	13684c7f5acbae43104c91a540bf695035a8a583f3e645049b07833d9eb09de3
llama-3.1-8b-goodness/caa_logits_forced/drill_sergeant_deference.npz	13375	d240f67e2dc9dcbc75cf0ab7b9ce7eb4b8c9645d1c0512e857b853f8b027b9b5
llama-3.1-8b-goodness/caa_logits_forced/drill_sergeant_empathy.npz	13346	3189b0b9180d5db4f0ce91e9c0c25c9d666fd46d1653d6182db4703fba06e7bf
llama-3.1-8b-goodness/caa_logits_forced/drill_sergeant_honesty.npz	13367	b9c12b80f1707ad2a7ccb9a6db9239a290eb5e4e2f311b405db563ef796e78f3
llama-3.1-8b-goodness/caa_logits_forced/drill_sergeant_impulsivity.npz	13383	09eea691799eea866e7645fa76c99ba7963265c147ca778d976cbcced32a87a7
llama-3.1-8b-goodness/caa_logits_forced/drill_sergeant_risk_taking.npz	13383	7a2efd470f27d534c0a518f2100a0f639d753789293d5a996704f90fff80b6ed
llama-3.1-8b-goodness/caa_logits_forced/drill_sergeant_warmth.npz	13363	a48d6bcaea6bcbc152f2916fdba69958f1ed55634e831f6c78f5a3906a658273
llama-3.1-8b-goodness/caa_logits_forced/farmer_assertiveness.npz	13359	79f88b6e4e54e0fa553d4df1c1aeec01fde862667739ce467c83b2605a0140c0
llama-3.1-8b-goodness/caa_logits_forced/farmer_confidence.npz	13347	f26aa302ab737193300ef80a386e8e010e7d4351de0f5f0a0c5786b8cca25942
llama-3.1-8b-goodness/caa_logits_forced/farmer_deference.npz	13343	397011baffa78d0a7284a881ccb2db958a4e505047a24192cc323f3a5b28caf0
llama-3.1-8b-goodness/caa_logits_forced/farmer_empathy.npz	13314	6d4dc53f91b88307c0dd00768949c0c307a6300b7e228394f55977e5edea6e26
llama-3.1-8b-goodness/caa_logits_forced/farmer_honesty.npz	13335	8dbebd92292e6fe0e1f5de926fee070f7b251a7d59ad008a523d64e3e5de8588
llama-3.1-8b-goodness/caa_logits_forced/farmer_impulsivity.npz	13351	20f61c74c03201900e9c79cff289c507ef4103736d5d65ec011e50bb89232fef
llama-3.1-8b-goodness/caa_logits_forced/farmer_risk_taking.npz	13351	ff6446b5a8f50d0ec4e011d64a270889d4f534207a60f09d3b5b9bc62c80b409
llama-3.1-8b-goodness/caa_logits_forced/farmer_warmth.npz	13331	07daf33a7956d48718b0528545b997ef4ffed3ada47a989495ca638dc107ba1e
llama-3.1-8b-goodness/caa_logits_forced/kindergarten_teacher_assertiveness.npz	13415	8858e397cab606c338492f01e2c20a26ae676281a723aec68390fc66bb89d328
llama-3.1-8b-goodness/caa_logits_forced/kindergarten_teacher_confidence.npz	13403	5d6641cdb58edc5441cabe58f9fc7539c5656f05a4f5e800d6e6fce1feb1b98f
llama-3.1-8b-goodness/caa_logits_forced/kindergarten_teacher_deference.npz	13399	d73268de08d19c71a095ac2e61bf0b6ca59a7c90e09efe4d0bd3fe49d67a2fa1
llama-3.1-8b-goodness/caa_logits_forced/kindergarten_teacher_empathy.npz	13370	d60fbc65f5bb01c7fa4e139157bb2f4a89fceee781dab71c8e62f22c2ee09cf4
llama-3.1-8b-goodness/caa_logits_forced/kindergarten_teacher_honesty.npz	13391	34476d5aa0903a66fc6687d362d725d76b69039961ed98bc6027e2946b343072
llama-3.1-8b-goodness/caa_logits_forced/kindergarten_teacher_impulsivity.npz	13407	ccfe9084742ac09dc0b7a86249c4a4dee6595a20e55023930145be4d4165a05b
llama-3.1-8b-goodness/caa_logits_forced/kindergarten_teacher_risk_taking.npz	13407	e092ae2a9a648b08054cd6ccee0c55eec919dca1005fe0b9d91fb8f2a2e82394
llama-3.1-8b-goodness/caa_logits_forced/kindergarten_teacher_warmth.npz	13387	014b8c41efef41aa28612bfddd01eee8f19d73575e61928669022a45c9edaaa6
llama-3.1-8b-goodness/caa_logits_forced/null_assertiveness.npz	13351	603a83e7b4bdd4c8679369a25d5e86ee8c3596e9ced42d587980c90dd4a0eb63
llama-3.1-8b-goodness/caa_logits_forced/null_confidence.npz	13339	4109e10ee832f60f3c72dc496425d5d721a5f9d0d89eae4f754d73d18264020a
llama-3.1-8b-goodness/caa_logits_forced/null_deference.npz	13335	a7fbd23b9da4a9d6eb57595f6d4e9ae908244b9348e44987e8a375dd750d1d55
llama-3.1-8b-goodness/caa_logits_forced/null_empathy.npz	13306	999226cc4130b0e3d7adbe8034d583eb0789ba927361881b8254cfef79b0a1bf
llama-3.1-8b-goodness/caa_logits_forced/null_honesty.npz	13327	6fdc0de7c1374cd28c251e4b842c99ad2e0e85f4e58be47477b8000cd75ca0da
llama-3.1-8b-goodness/caa_logits_forced/null_impulsivity.npz	13343	ed8b2b520e83b4add2443111e1661fd1cd04474c82f81844dd5c1afb6fdb4007
llama-3.1-8b-goodness/caa_logits_forced/null_risk_taking.npz	13343	6c71e90c0d4c1158ba2b5043741a8f418eb83bf15233456f4e477f4522086b79
llama-3.1-8b-goodness/caa_logits_forced/null_warmth.npz	13323	857d9944e20d43764f8fa376c6d398c13cd29796f1673797cab4b1abfefc2427
llama-3.1-8b-goodness/caa_logits_forced/politician_assertiveness.npz	13375	66be8a619b7acba7307f623ea11707a22b3adacc8e0b30f2f8ea425377bdecf3
llama-3.1-8b-goodness/caa_logits_forced/politician_confidence.npz	13363	176820be16888c4d8391af2a3d86cb5dd844b7fcd8a7eef29f61baa29843a3cf
llama-3.1-8b-goodness/caa_logits_forced/politician_deference.npz	13359	9b220f1094b5384162c72209a45f5a55b6f3548c525665daa4f9df5865ebbdfc
llama-3.1-8b-goodness/caa_logits_forced/politician_empathy.npz	13330	d76816be8b23da8de0aab010cc085119b96d7ee239fb20f19adbf2ca32af0696
llama-3.1-8b-goodness/caa_logits_forced/politician_honesty.npz	13351	e982ac58a83d31a3ca86b0bffc821b2d289abc2f931cbda6ab507ddbb5a63e79
llama-3.1-8b-goodness/caa_logits_forced/politician_impulsivity.npz	13367	f67899483a23038b36544a60523384093b1c51836b68803a8666a14868fe3679
llama-3.1-8b-goodness/caa_logits_forced/politician_risk_taking.npz	13367	546992594943f9d0849fb970fda66125f13af0146efa24f3752e655259ccfb50
llama-3.1-8b-goodness/caa_logits_forced/politician_warmth.npz	13347	7544e211a42408a8a4f0308f946b74999f47ffe831f9328cd24d214b1ced964a
llama-3.1-8b-goodness/caa_logits_forced/professor_assertiveness.npz	13371	234e082d689fb3d150a1a6eb011f232f4e67170a75c3a4144e680df4572482a6
llama-3.1-8b-goodness/caa_logits_forced/professor_confidence.npz	13359	1e67065d4767efc2131e97231f3082389d61d827f110ea6811236fdcc95c2edb
llama-3.1-8b-goodness/caa_logits_forced/professor_deference.npz	13355	4e6c2cbbe013d9d0445a941d82a4686b7d4887d5a7503491f47f5be4596a91c2
llama-3.1-8b-goodness/caa_logits_forced/professor_empathy.npz	13326	c238fedbf2e82918bb8936deca3f20ee92860d3666f57a87b13de221dd577f9f
llama-3.1-8b-goodness/caa_logits_forced/professor_honesty.npz	13347	80571570086398ed2597a494d26d22b1267420de63e8cdf1b10adbf7640fe20c
llama-3.1-8b-goodness/caa_logits_forced/professor_impulsivity.npz	13363	d54f75bac3ae95e8d583a2f017b28113240fdf44ad5aa87444abfa63e3ec72d4
llama-3.1-8b-goodness/caa_logits_forced/professor_risk_taking.npz	13363	8b3c1e4e7f917fd74e6b95b5ce571698395168294038e0dd6f56917bae2a510a
llama-3.1-8b-goodness/caa_logits_forced/professor_warmth.npz	13343	e7db32e465cff781fc42b890c82493a2397e1a9e4f9bf49d51ae69ffde45a3e5
llama-3.1-8b-goodness/caa_logits_forced/street_hustler_assertiveness.npz	13391	71e5a73be9acd6c557d7c5f7862df5c81728c6ce256666ab2ee50befc8685497
llama-3.1-8b-goodness/caa_logits_forced/street_hustler_confidence.npz	13379	9fa31bbfcf74ebe47d83d8b2477aaf51df54dc7218b3df4cf19a1138e58b130e
llama-3.1-8b-goodness/caa_logits_forced/street_hustler_deference.npz	13375	d40768d8f8cdf74bd840ac56edf78138b0a48d5ac7ef3d29cd44fa7eb7671c4e
llama-3.1-8b-goodness/caa_logits_forced/street_hustler_empathy.npz	13346	6fd585b19cbb4681e4868c12ee1f98f9755734071f356f06dd454c0754224ffd
llama-3.1-8b-goodness/caa_logits_forced/street_hustler_honesty.npz	13367	2d18dbb9236b13178bdb6bce59c1cc2525770aebb45971f88925fefdbd201622
llama-3.1-8b-goodness/caa_logits_forced/street_hustler_impulsivity.npz	13383	c1a9f777941a10aa4683de64e532dd2f41b27baa2dbfefa324e3c8f06dd4b212
llama-3.1-8b-goodness/caa_logits_forced/street_hustler_risk_taking.npz	13383	249a1e1fb82ad20666b65ca9a71494ae181235011d688804e05b0653d2dabc7d
llama-3.1-8b-goodness/caa_logits_forced/street_hustler_warmth.npz	13363	e58a401b9582c499a52c51a70775a401df213195099b0d65ff8a572dc4092546
llama-3.1-8b-goodness/caa_logits_forced/surgeon_assertiveness.npz	13363	c57cfb81a354a1d1f5f4dd8f7ea319bff0bfc56fdb6484230dac9f518d7891e9
llama-3.1-8b-goodness/caa_logits_forced/surgeon_confidence.npz	13351	0f98a32106282bc12d5262a6cd2ac8a477d3f392104984de7540bab62f0a3e42
llama-3.1-8b-goodness/caa_logits_forced/surgeon_deference.npz	13347	d465c73b37d6e8d8d0cee06f78d9e7a72ab533779a49c01af4f8a8a5b7bb9e3e
llama-3.1-8b-goodness/caa_logits_forced/surgeon_empathy.npz	13318	3013452750ad3f87cd8c661f2e1ed411bfd39da983c0b821189de2dc6f65e43a
llama-3.1-8b-goodness/caa_logits_forced/surgeon_honesty.npz	13339	0cd25d40eb20fdd660220cce7cb8a64dbc028159a85403a11c37a07f4ca44525
llama-3.1-8b-goodness/caa_logits_forced/surgeon_impulsivity.npz	13355	d40878f7b8b5bca0178f2c6e4ff54453efd90231e3508db77be6e0a6dadfcaed
llama-3.1-8b-goodness/caa_logits_forced/surgeon_risk_taking.npz	13355	2e86d44853b9c106c6d9b8a059f9e28875eb342e1af3356fe07e7ea0f341cf95
llama-3.1-8b-goodness/caa_logits_forced/surgeon_warmth.npz	13335	6ec785615cb40223d5568be56edeeee00bb13bae95d685835a1b4cdf2af27546
llama-3.1-8b-goodness/caa_logits_forced/tech_ceo_assertiveness.npz	13367	c260916594729d173d5aa93d0c71dda902d6bafa869922fa9f1e959a6edf1f31
llama-3.1-8b-goodness/caa_logits_forced/tech_ceo_confidence.npz	13355	7be59d1da57b029819d0723ab3aa0efbeee37e93bf0e4ac136d9b499394ba082
llama-3.1-8b-goodness/caa_logits_forced/tech_ceo_deference.npz	13351	817d0f7eb5bb37816c58906c104cd76b9a5f761afea7698d749e624ff8942eb6
llama-3.1-8b-goodness/caa_logits_forced/tech_ceo_empathy.npz	13322	e7dec0c0855cb768e65f14486212ead4f231b83a011fc27868034236e033d536
llama-3.1-8b-goodness/caa_logits_forced/tech_ceo_honesty.npz	13343	ae3eb368a645d6267f0704ea0b9d2720f9c6658a34db390a0c1a457603aaa7f8
llama-3.1-8b-goodness/caa_logits_forced/tech_ceo_impulsivity.npz	13359	e1551fed6fc2e469d47f4b7509484146b5cef7799e3639aa75d8dd3f411ec7ad
llama-3.1-8b-goodness/caa_logits_forced/tech_ceo_risk_taking.npz	13359	4e025fc9cb1ed3d186c7d423a209e160eac15396da99f733dfd737a1089584e5
llama-3.1-8b-goodness/caa_logits_forced/tech_ceo_warmth.npz	13339	db656fc035a420bce4e8d6e49a5b590f6a4cea5de2bd4fa80e852facc664c4af
llama-3.1-8b-goodness/caa_logits_forced/therapist_assertiveness.npz	13371	de66055cfc88cf216bd886443c8dcd4b5b838cc3faa4323027103247db73280a
llama-3.1-8b-goodness/caa_logits_forced/therapist_confidence.npz	13359	03a37f4d8d394dc0414f816051f315c517dd347dd7d817e691b1c5356511b0aa
llama-3.1-8b-goodness/caa_logits_forced/therapist_deference.npz	13355	09a14f2c9db0c0b5e0ed60255258153085b05689ca0a549e1fafd8ef57e9fcb3
llama-3.1-8b-goodness/caa_logits_forced/therapist_empathy.npz	13326	adb3611bf3c0fa21513ec2256db169f9db66288d5e27d086252369dc345166fa
llama-3.1-8b-goodness/caa_logits_forced/therapist_honesty.npz	13347	8dd2cc5e2f45178b3d89b36048f032aa1b72daf21566da9c85016e409cee62b3
llama-3.1-8b-goodness/caa_logits_forced/therapist_impulsivity.npz	13363	501920ab464f6811b075d58f3e2f56daab538c2bb943a518f064dde773d9d3a3
llama-3.1-8b-goodness/caa_logits_forced/therapist_risk_taking.npz	13363	bf51831cf124103061a247ad534b893bcae36d0aaeb1043556ee136faee85422
llama-3.1-8b-goodness/caa_logits_forced/therapist_warmth.npz	13343	81db38fb0b51953e8888a3c64f981d63d5d2abafb5bd76c09b65013facb7cdca
llama-3.1-8b-impulsiveness/caa_logits_forced/con_artist_assertiveness.npz	13395	72730b541051bba4fa09f2b103026d8095127619fe4209c479cbf91e1ff6a210
llama-3.1-8b-impulsiveness/caa_logits_forced/con_artist_confidence.npz	13383	276c8cfedb15e1b2d418a6c6c77f5e5142ebd41d3b2e4f0d6eb55edf993cd6df
llama-3.1-8b-impulsiveness/caa_logits_forced/con_artist_deference.npz	13379	f745b27cdd19ec33edc11fece5f53a29681cf39762965378a293b1247d6f5006
llama-3.1-8b-impulsiveness/caa_logits_forced/con_artist_empathy.npz	13350	67fae9ee28c5ba9588f06be3e2a84b6a1c5988e18f0a7b4d75ee0a305ac05a54
llama-3.1-8b-impulsiveness/caa_logits_forced/con_artist_honesty.npz	13371	ca02b5a9acba95def85d1f7af891bd9ebc3f8d4245e02a7b4eb66f7c95483415
llama-3.1-8b-impulsiveness/caa_logits_forced/con_artist_impulsivity.npz	13387	f7a867429729647763b06a4637ba35eaeab1baf4f987b422e2631ded21d5c91f
llama-3.1-8b-impulsiveness/caa_logits_forced/con_artist_risk_taking.npz	13387	3ccbf93e8c85299efac682030a0ef008cf2af230e5301a9c72907998af116a48
llama-3.1-8b-impulsiveness/caa_logits_forced/con_artist_warmth.npz	13367	a277772b3f26c9de6b752a76b7cdf30db4f5f39c92ea11db4e7027c9e59c3e71
llama-3.1-8b-impulsiveness/caa_logits_forced/drill_sergeant_assertiveness.npz	13411	6a3537000be4cfe4e58f88a6936233591514f2c8fad5c4c90c02c9b606712b52
llama-3.1-8b-impulsiveness/caa_logits_forced/drill_sergeant_confidence.npz	13399	8ed8c216783c95329546bc609af7482d932d85048d2678d3953bb4ca022963c0
llama-3.1-8b-impulsiveness/caa_logits_forced/drill_sergeant_deference.npz	13395	0071bdc05213824b1e12ee5215c0b27e899a445e018abcb5c816b3face26b885
llama-3.1-8b-impulsiveness/caa_logits_forced/drill_sergeant_empathy.npz	13366	68898e031085749a05eec6021ce281870b1761d3be519335c76eec08b7b94bbc
llama-3.1-8b-impulsiveness/caa_logits_forced/drill_sergeant_honesty.npz	13387	b5ef6566717dbd2da0a4061219b3d5ec7061fe7a9a8dacd62499f697e629cd89
llama-3.1-8b-impulsiveness/caa_logits_forced/drill_sergeant_impulsivity.npz	13403	f6651740c650abf4636d907370614ff6ae6723ab7b22edc34b7ed851d95084f8
llama-3.1-8b-impulsiveness/caa_logits_forced/drill_sergeant_risk_taking.npz	13403	fa521b2ba4b35ed1cb5c876f80a4310bfa7750b4c39ad31ce7082434360d9de8
llama-3.1-8b-impulsiveness/caa_logits_forced/drill_sergeant_warmth.npz	13383	300ef200c2ef9d51b5c5591b7dd402bb21b30bc9087187cc12d1d2736b798f8b
llama-3.1-8b-impulsiveness/caa_logits_forced/farmer_assertiveness.npz	13379	6fa7f013b4766f9a08aeefc1e6d6d4e4549aad4794ff8488d36b3322d8f790bd
llama-3.1-8b-impulsiveness/caa_logits_forced/farmer_confidence.npz	13367	f068c5c46765885a051f94ac81182125154bc4dc0531e0ad21932404d471a700
llama-3.1-8b-impulsiveness/caa_logits_forced/farmer_deference.npz	13363	39d771256c5e0612f41184319fc5de8fd847fcfdc9f83ec99302eb63bad1fc3c
llama-3.1-8b-impulsiveness/caa_logits_forced/farmer_empathy.npz	13334	f2a6e5e80307bdde19ce0bdfe0e2f10362f7c4cb5cc80b5653ef645f5ad2c107
llama-3.1-8b-impulsiveness/caa_logits_forced/farmer_honesty.npz	13355	68b8ed55f57ef0a5a8d0edb597838e5438f511af7e70c2cef0ce784b29e9eb66
llama-3.1-8b-impulsiveness/caa_logits_forced/farmer_impulsivity.npz	13371	846d36ec0c7566da4dafb94441b70c71f907e98096fbefcf6301945fe94e2442
llama-3.1-8b-impulsiveness/caa_logits_forced/farmer_risk_taking.npz	13371	753f50f8562d47f2166a5932f7a50c9e80d91f6b58e8dc8716d339a244e3853d
llama-3.1-8b-impulsiveness/caa_logits_forced/farmer_warmth.npz	13351	0f468ebe23af6aad2516fbac8be00743dfe6ef5abcc36d718d00776474becd90
llama-3.1-8b-impulsiveness/caa_logits_forced/kindergarten_teacher_assertiveness.npz	13435	a2f8c42b5cd0538eb66b0da7a97ce7d5884f8e49bb4835eaacad0b386d3c7c19
llama-3.1-8b-impulsiveness/caa_logits_forced/kindergarten_teacher_confidence.npz	13423	05616a2e9c09e397979287878415bdf64cf90b4ac9d0f5e0dfa370f6ed49e5f4
llama-3.1-8b-impulsiveness/caa_logits_forced/kindergarten_teacher_deference.npz	13419	0543b21cfa61f267eff870ea6eb2196d7927375e3f3db39b7e42f918c495121c
llama-3.1-8b-impulsiveness/caa_logits_forced/kindergarten_teacher_empathy.npz	13390	28059ccd3123d2b246be9f9489b178ca309a67632ee863e143ef00dd5084f39c
llama-3.1-8b-impulsiveness/caa_logits_forced/kindergarten_teacher_honesty.npz	13411	24e6a30274d66657c33317d5eff900b888d1bf7204516228402867fa0adfbd8d
llama-3.1-8b-impulsiveness/caa_logits_forced/kindergarten_teacher_impulsivity.npz	13427	af35ceb3f86002a804c5aeb3f10252e5494a3ea638dd99b9779bc5dcf59c7d7c
llama-3.1-8b-impulsiveness/caa_logits_forced/kindergarten_teacher_risk_taking.npz	13427	42f92928f880b047e488f62d8925472293fe305bfae9893d29c218c39f10e8d1
llama-3.1-8b-impulsiveness/caa_logits_forced/kindergarten_teacher_warmth.npz	13407	888a82b072448d6afee1befed226f04089d90627e69d9bf3f0f6a14742646a52
llama-3.1-8b-impulsiveness/caa_logits_forced/null_assertiveness.npz	13371	56bce8d0e6d5f9d568a45b22d9d8ffcc365ac3a09c481e1a3d3643babc923a63
llama-3.1-8b-impulsiveness/caa_logits_forced/null_confidence.npz	13359	09d19c2e55d8f4306aa23e445c9a4fea65f7069995d203e0d31c4cf4262212e9
llama-3.1-8b-impulsiveness/caa_logits_forced/null_deference.npz	13355	c64ebe07dc63def86906588a524fded64e4f5b4a8e01bbe1259e52582f547e9a
llama-3.1-8b-impulsiveness/caa_logits_forced/null_empathy.npz	13326	fd945389866a5f381f63d822d4b85fa3ba9637a28217bc567cd23a6009160af0
llama-3.1-8b-impulsiveness/caa_logits_forced/null_honesty.npz	13347	261b816b9d5ec53b3a3166e37eb9d3ede8cd6af99b89a086eede14fcc8935ec6
llama-3.1-8b-impulsiveness/caa_logits_forced/null_impulsivity.npz	13363	196cfd00b961e7c9f66ff97256fe2a36aaa1073907314d213996287729d64fe7
llama-3.1-8b-impulsiveness/caa_logits_forced/null_risk_taking.npz	13363	2fc4e5f6bf8161694e892b578190bfa4e71bdcae53e4132cba757b2386fc3509
llama-3.1-8b-impulsiveness/caa_logits_forced/null_warmth.npz	13343	c9d1f7c32fc97ec9ea3e1a50a87f892c64353adbf2d2cc1ce288c169006040e6
llama-3.1-8b-impulsiveness/caa_logits_forced/politician_assertiveness.npz	13395	deaed254c15cf9a1310263ecc2df8fd709031ae1e6abf77309172be800963ef0
llama-3.1-8b-impulsiveness/caa_logits_forced/politician_confidence.npz	13383	13cc740ddaf655b41c2734584a6ad88c09dba13577a338d173905d92961281f4
llama-3.1-8b-impulsiveness/caa_logits_forced/politician_deference.npz	13379	9a64b3d51f097ac5d2065960ab3b8275c8e5e504b61f73cec8066f6f77b9b36c
llama-3.1-8b-impulsiveness/caa_logits_forced/politician_empathy.npz	13350	b4344cbabd903f2b36b1d9940c8fc5526d63e8caa60cd1a6ce97f9a1e2463e7b
llama-3.1-8b-impulsiveness/caa_logits_forced/politician_honesty.npz	13371	66f247b2ff53de6148909970b607b699bd4aacb383120272eb2613096c0ea15b
llama-3.1-8b-impulsiveness/caa_logits_forced/politician_impulsivity.npz	13387	f87b5635d030e2b919229f0a5f6b6213e3f12bf433df466c298b4d45f222b828
llama-3.1-8b-impulsiveness/caa_logits_forced/politician_risk_taking.npz	13387	55e50c73827962ff50e3bb1dce2bca756f20605c80ba35a9d72c1f07581fb1f7
llama-3.1-8b-impulsiveness/caa_logits_forced/politician_warmth.npz	13367	4bf7224b7b1c4e11770f4855de454aca7f81b97b37c0134d249abf176f02a499
llama-3.1-8b-impulsiveness/caa_logits_forced/professor_assertiveness.npz	13391	7b2b2e6803e00cfe781f6445113ec92d8a86be9f875bafb661b903f9b0770042
llama-3.1-8b-impulsiveness/caa_logits_forced/professor_confidence.npz	13379	ff524c92fa81062d0777c1edce66c7d9b00cefce644a831955eafc1b7d251f01
llama-3.1-8b-impulsiveness/caa_logits_forced/professor_deference.npz	13375	8fb0e9c74df35953777e2eb3231568cd3797363c570d07469be180de38d52874
llama-3.1-8b-impulsiveness/caa_logits_forced/professor_empathy.npz	13346	a46d7016d7c56b99c3d45f2592f0e933962b3fab9280d58a8ed9e39d3669aba6
llama-3.1-8b-impulsiveness/caa_logits_forced/professor_honesty.npz	13367	e6445363023d4ea55d1d3495e28c87433b3f57a1b9973867d8bec7e6db46787e
llama-3.1-8b-impulsiveness/caa_logits_forced/professor_impulsivity.npz	13383	5713b5fdb9597eacb4bf88531fa7554a6bd31e189b48ef43b45c7abab3101f4c
llama-3.1-8b-impulsiveness/caa_logits_forced/professor_risk_taking.npz	13383	d004640ec27160f4a73804f170d2a9464674504cef156422fae604a23f01fecd
llama-3.1-8b-impulsiveness/caa_logits_forced/professor_warmth.npz	13363	1735818bd4873a2f5e9f594e1b783d27d18ea4ad92a05ea8cd6e4e0df0affe5e
llama-3.1-8b-impulsiveness/caa_logits_forced/street_hustler_assertiveness.npz	13411	f59619ab0b81a44283b5df5ff411dda23c4491a9cc44178a000bca04f2d4779f
llama-3.1-8b-impulsiveness/caa_logits_forced/street_hustler_confidence.npz	13399	50f9267813719a685e73da9901223daa941f6f47c63c868eb96012a4e2e1e8a6
llama-3.1-8b-impulsiveness/caa_logits_forced/street_hustler_deference.npz	13395	612311331b79ee62b192f3bd0bef63343038b65024238bc37011aaa9c6aac13a
llama-3.1-8b-impulsiveness/caa_logits_forced/street_hustler_empathy.npz	13366	4102b4d513987316b5bce912863f1bc7673bd33c9e0813eaec3936874bc64477
llama-3.1-8b-impulsiveness/caa_logits_forced/street_hustler_honesty.npz	13387	4e0c907da9b5b74448e46f7d6835fd2035d1789c284aa48580e97a14c9dbf76a
llama-3.1-8b-impulsiveness/caa_logits_forced/street_hustler_impulsivity.npz	13403	225ec2e1a44a265d93c6fafe10e04780614f1a5385e00ed59cf14ca11d952990
llama-3.1-8b-impulsiveness/caa_logits_forced/street_hustler_risk_taking.npz	13403	9b6aec9f987722793e4c48229c298b727ddfebad0701c7d8985f1e876a92603f
llama-3.1-8b-impulsiveness/caa_logits_forced/street_hustler_warmth.npz	13383	3efd2d6eef502c9dd422453a1d1ebc92db69619e75a2fa5c81fde215ac3b17e2
llama-3.1-8b-impulsiveness/caa_logits_forced/surgeon_assertiveness.npz	13383	5802913520f9371f243ee0d7311c618338e7126382a4ea6eb666838c381274c3
llama-3.1-8b-impulsiveness/caa_logits_forced/surgeon_confidence.npz	13371	c5d5a878f59e6530c316dc75d8f0252c87a46148bff626fdc72a6f1f7c75ae01
llama-3.1-8b-impulsiveness/caa_logits_forced/surgeon_deference.npz	13367	3d81550067b4ad2568310f3a6c94958993887d7c908256f4ceefd9e0bd969d51
llama-3.1-8b-impulsiveness/caa_logits_forced/surgeon_empathy.npz	13338	a80a93183356d4bb4b9b94348abd3b08af732e38e161c37788e5964311905fab
llama-3.1-8b-impulsiveness/caa_logits_forced/surgeon_honesty.npz	13359	84747c470e672923f5f9dff823894ab8454c710823cc4ada97d55274a2a6d7eb
llama-3.1-8b-impulsiveness/caa_logits_forced/surgeon_impulsivity.npz	13375	4e0839ca4f369c76133c53a49e0f5e35ad3a0da1762dd4f5ef067cfcf830664e
llama-3.1-8b-impulsiveness/caa_logits_forced/surgeon_risk_taking.npz	13375	c81b5d0db3c32995881700abeabcbd35ad3103280c8c34efcfa5a3e2676c3583
llama-3.1-8b-impulsiveness/caa_logits_forced/surgeon_warmth.npz	13355	b8d4f1c725a713bebc2322e6e28c724d213c7c044d0b7f362eb8e7a9ad0c592c
llama-3.1-8b-impulsiveness/caa_logits_forced/tech_ceo_assertiveness.npz	13387	fdc037d2e661a20a7897a47ff60b0aa8deb6e69daaa08d9a8bd56bfe1dd52857
llama-3.1-8b-impulsiveness/caa_logits_forced/tech_ceo_confidence.npz	13375	0316d8478b5165715b16060894384bf011051a63208f65742e883e3beb8577d8
llama-3.1-8b-impulsiveness/caa_logits_forced/tech_ceo_deference.npz	13371	0f244973fd52dd0ae70e8d1e918ddcc8a683bdafd4cc64eae3f51af791789b31
llama-3.1-8b-impulsiveness/caa_logits_forced/tech_ceo_empathy.npz	13342	5c70ad86f665962a93c44d0ae860891353e941e8a7b87cff0aad3d9f895cdf63
llama-3.1-8b-impulsiveness/caa_logits_forced/tech_ceo_honesty.npz	13363	03ff1b6d815a7b42c29625e106ed8376b9e7f4ff91e0eae5d300109055d09ee5
llama-3.1-8b-impulsiveness/caa_logits_forced/tech_ceo_impulsivity.npz	13379	e5616cd074a5b20acc1c1df204951a77feac75fa8f40e7e7b93c4ed9713b1469
llama-3.1-8b-impulsiveness/caa_logits_forced/tech_ceo_risk_taking.npz	13379	0358b9c5c6855e4fe111827f838e6bc2663169a77762956b7f5a9b92cdf5d5b1
llama-3.1-8b-impulsiveness/caa_logits_forced/tech_ceo_warmth.npz	13359	a8e66571a52929c2b4f04068a17ff0f4c9141ae6efb50cabe57c98abda0a7701
llama-3.1-8b-impulsiveness/caa_logits_forced/therapist_assertiveness.npz	13391	6ba97a0b51d761ec5ff3e954dfe674e995d774bcd517b87328621f3a6246e5d4
llama-3.1-8b-impulsiveness/caa_logits_forced/therapist_confidence.npz	13379	907762ee45b37ec1c5dcfeaad039a054c7e00bb44edc75e93dffcf7d98f81421
llama-3.1-8b-impulsiveness/caa_logits_forced/therapist_deference.npz	13375	034d727a591f06ffbb579b5d7922bc648c08d4ec9d7ceee88a1cef82c3e82f17
llama-3.1-8b-impulsiveness/caa_logits_forced/therapist_empathy.npz	13346	7faddb8e91e6a41e6daf0c757492ad76b084310beecf30b38510654c8cb972d9
llama-3.1-8b-impulsiveness/caa_logits_forced/therapist_honesty.npz	13367	629adc25c43ce90422c1b541cf528b6fae9726ffe2cbb51be7dc0ffef0bad48f
llama-3.1-8b-impulsiveness/caa_logits_forced/therapist_impulsivity.npz	13383	d1ff85e13a5f43e0ec21a14e6ac8aad97357ed09a993b16fd6c0cc67d4d540c8
llama-3.1-8b-impulsiveness/caa_logits_forced/therapist_risk_taking.npz	13383	aac20281ba43251e14d3576291607092302ba1d499f9b76b0e2d85c69913a0eb
llama-3.1-8b-impulsiveness/caa_logits_forced/therapist_warmth.npz	13363	7d3c1bfb2dab19d8a9947478561eeacf45e826cf1523f99d634417dd4028b43b
llama-3.1-8b-mathematical/caa_logits_forced/con_artist_assertiveness.npz	13391	7139153d7a0a006b9dd8cf74f38c64ed5aeba69e1db5e0f27c2d6a72b8a00c59
llama-3.1-8b-mathematical/caa_logits_forced/con_artist_confidence.npz	13379	6497074cdf7076d3aca98a7fdddd9428a1ae7f4746008d2879f5313a8e7829ea
llama-3.1-8b-mathematical/caa_logits_forced/con_artist_deference.npz	13375	ff640337fb3570fb389f6aa608e99f36e2a63eac99cab449f726514c30f1d6a3
llama-3.1-8b-mathematical/caa_logits_forced/con_artist_empathy.npz	13346	5ce9213381a176d6158b810b86d3084a025b227eda589dd5e19474a66b8957d9
llama-3.1-8b-mathematical/caa_logits_forced/con_artist_honesty.npz	13367	945b7adb2fa7ae6739b701dae3ecd135396675c6b277bcf27a61b30c0fe4a66a
llama-3.1-8b-mathematical/caa_logits_forced/con_artist_impulsivity.npz	13383	3245badd35036954ff684bd9061774fe44dd82b2fc4abb7edb07dfb226212305
llama-3.1-8b-mathematical/caa_logits_forced/con_artist_risk_taking.npz	13383	6521301b4c2d268d1d358fb54e3bd15379b4fe82c039b13676e038b11f9a000f
llama-3.1-8b-mathematical/caa_logits_forced/con_artist_warmth.npz	13363	b69caef06d1e3554b6b4bfa4fc048c22d8955836d0d28a0c8f91d6ae4bdf7a4d
llama-3.1-8b-mathematical/caa_logits_forced/drill_sergeant_assertiveness.npz	13407	760c89cbec3a1188b7497c5a178c59f2cfddfe557c8660795d8f099528e408a2
llama-3.1-8b-mathematical/caa_logits_forced/drill_sergeant_confidence.npz	13395	f8466bb4cd77e29895ac22dea86e4d2fbda0231940bf4e98a62e2e44d0123eb7
llama-3.1-8b-mathematical/caa_logits_forced/drill_sergeant_deference.npz	13391	4d7b86330d9a879db350359f13197867566217ee2d68c2010e8aa7d4ed6d1329
llama-3.1-8b-mathematical/caa_logits_forced/drill_sergeant_empathy.npz	13362	56795b332222613d14361181cea0b97c94b0f1a276cdd6b9c7cad5422658ba35
llama-3.1-8b-mathematical/caa_logits_forced/drill_sergeant_honesty.npz	13383	74c0529082681d5add52f20f418fde63774631fd90ba9a97003be5b53395fd97
llama-3.1-8b-mathematical/caa_logits_forced/drill_sergeant_impulsivity.npz	13399	577dbe06e0b6c4dd0d6c4ea182c32d1d0de40b83f59c9a562bd6eb6a69a31b1b
llama-3.1-8b-mathematical/caa_logits_forced/drill_sergeant_risk_taking.npz	13399	c937d9e4ddcb3a4989e9a7dcf3431c359d577fd72c83992d3600b16fdb621217
llama-3.1-8b-mathematical/caa_logits_forced/drill_sergeant_warmth.npz	13379	6a24ed582418a50151ad78ee56e94f51460140d607a1580ec29091ae62888fce
llama-3.1-8b-mathematical/caa_logits_forced/farmer_assertiveness.npz	13375	3e73ce0af7ca66162c24595b538c2f2a700a95ae1f6eb5ad778b3b595576b294
llama-3.1-8b-mathematical/caa_logits_forced/farmer_confidence.npz	13363	f51aa1819c462291e819c1aa6b9afd18f0b285a34e2b7f6ae365200566323c1c
llama-3.1-8b-mathematical/caa_logits_forced/farmer_deference.npz	13359	48b979e2b24b60cf9ee2971ebfbe13090eb5ac0e5e461dcb1b0929ec6f060852
llama-3.1-8b-mathematical/caa_logits_forced/farmer_empathy.npz	13330	d807bda068aae596c7df8c6d9d1ed755c6a759f8019fa141dcdd77eb37d574cf
llama-3.1-8b-mathematical/caa_logits_forced/farmer_honesty.npz	13351	4c7c611770ed3add030f10b26a0375dae1fa3b6e0e7b8e54957f94a0e1414274
llama-3.1-8b-mathematical/caa_logits_forced/farmer_impulsivity.npz	13367	8a94d268adb27f88cbc22e67e1e58c8284f279b7330d0046e05f6207a2294779
llama-3.1-8b-mathematical/caa_logits_forced/farmer_risk_taking.npz	13367	eeced7287e574aeaa267f4bd32aac27e50d698f94a7c977201ddfc6600bd89bd
llama-3.1-8b-mathematical/caa_logits_forced/farmer_warmth.npz	13347	af2c3791e0ba244e25a36563cc3451c29ced9709fb2d43e4954b0fbf99a92e13
llama-3.1-8b-mathematical/caa_logits_forced/kindergarten_teacher_assertiveness.npz	13431	2fb4fd39985bc1ab85e333e2918cc42b140e4facc0fbe8416504011e7ca1586d
llama-3.1-8b-mathematical/caa_logits_forced/kindergarten_teacher_confidence.npz	13419	2ee6d6997d40643f5d0018c91f221b7ce4d07bd6f55c432af977f7ee8118b5b7
llama-3.1-8b-mathematical/caa_logits_forced/kindergarten_teacher_deference.npz	13415	0f277d8f634654e942a9ad25db7f2c20215ae0777b84cc9e710c2a0ea301f082
llama-3.1-8b-mathematical/caa_logits_forced/kindergarten_teacher_empathy.npz	13386	9f7233570622e5879335c4f3284820d46c434175d7c682d648d74e0b81a18ec4
llama-3.1-8b-mathematical/caa_logits_forced/kindergarten_teacher_honesty.npz	13407	aec0c1e2f7d1e9258e4aa482eb4570dadc24455e8a27c9b3aec7f7f121e1dbb6
llama-3.1-8b-mathematical/caa_logits_forced/kindergarten_teacher_impulsivity.npz	13423	86f8405db96bad7991ee212ad51e87c0c19d0260129b53adf3173623c93449be
llama-3.1-8b-mathematical/caa_logits_forced/kindergarten_teacher_risk_taking.npz	13423	7bf8f8ab37adfdac8de4d24f813bae70680caa444e1233b794fc8605c6022487
llama-3.1-8b-mathematical/caa_logits_forced/kindergarten_teacher_warmth.npz	13403	eb9090f6cff2519a3d9788f780f5071fcc068ea7e8efb69484bd1cd2dbe89bc3
llama-3.1-8b-mathematical/caa_logits_forced/null_assertiveness.npz	13367	a4396df3ff2d06d1d3a8bed9d04620c4aae191d862c6bc878c279e4f017b54eb
llama-3.1-8b-mathematical/caa_logits_forced/null_confidence.npz	13355	6b63958ae799f02843f5e5cb8d56a5d2ba83b553eafba8bd650d8cae98105c16
llama-3.1-8b-mathematical/caa_logits_forced/null_deference.npz	13351	b0c7ec68a4ea6e73c07c02c95730b20e925abfbaec03b1648f7036349b1eb5d2
llama-3.1-8b-mathematical/caa_logits_forced/null_empathy.npz	13322	96bf88bf9dc016c6d5e35e21685edeaff805f05c85303c158498b0e3223ee65a
llama-3.1-8b-mathematical/caa_logits_forced/null_honesty.npz	13343	a67b377b0ce7c551fd5a46a05f2d4656e8428d2fd969d7a6fbf0a823987584f4
llama-3.1-8b-mathematical/caa_logits_forced/null_impulsivity.npz	13359	31781f07c25c2aa25cbe75d4d37ede1b5154cb65c86226d683f0046bfe30b732
llama-3.1-8b-mathematical/caa_logits_forced/null_risk_taking.npz	13359	61c4cc3db8e184c8842639ff9abf871aa545fbb673e50a2ef98e284248882610
llama-3.1-8b-mathematical/caa_logits_forced/null_warmth.npz	13339	8cd8d96161c9287289fb53ffd6a99900a1e527273496de67b263e72efccd03ff
llama-3.1-8b-mathematical/caa_logits_forced/politician_assertiveness.npz	13391	ed3e7286e6450ff1c7e3b5748692a8192861d15268a4ddb4c92d848f83b93721
llama-3.1-8b-mathematical/caa_logits_forced/politician_confidence.npz	13379	6b2ddea081270b0e3c793467a4604829c7988d5530324fe053f9f10d109bf2d1
llama-3.1-8b-mathematical/caa_logits_forced/politician_deference.npz	13375	77f139f814ca57ae9d5103cf931e9c3adb67e4178d679204fff0c9bea94d9646
llama-3.1-8b-mathematical/caa_logits_forced/politician_empathy.npz	13346	e93087af2ce6e015eed2211d295403e573edc04d87dd2fa443ee4f542cfe0a97
llama-3.1-8b-mathematical/caa_logits_forced/politician_honesty.npz	13367	acc73fbaf463ae1baf1092c1931c2933a32d53ca3ca0e0b4003e2ffea80ca487
llama-3.1-8b-mathematical/caa_logits_forced/politician_impulsivity.npz	13383	fdb76dedb2943626915f0a58e2f1105c1e688c9add89e80e6e88bf24a61d7652
llama-3.1-8b-mathematical/caa_logits_forced/politician_risk_taking.npz	13383	afeead2fd09618b08efd1e95725e379fa4624729089c1ddf86c2f4eafb8c9ed8
llama-3.1-8b-mathematical/caa_logits_forced/politician_warmth.npz	13363	35ab2283a13745a006a8af4882abf083ed104ab5c21780d4cc7465472d549191
llama-3.1-8b-mathematical/caa_logits_forced/professor_assertiveness.npz	13387	a8cbbfccdb6402f0c1d4e9945e67cd2c3fea363d0cb7af5c57209cc87fee3b7a
llama-3.1-8b-mathematical/caa_logits_forced/professor_confidence.npz	13375	06bc44e7e70000662890ab866213c8f3344cfe17b935e153cfe7f862f1363f7c
llama-3.1-8b-mathematical/caa_logits_forced/professor_deference.npz	13371	2e29b51a872b97025399a9156d28d58e7055e1c2847571238845d4bde43305ff
llama-3.1-8b-mathematical/caa_logits_forced/professor_empathy.npz	13342	583a5aa953b805c8387af677814007856b8540e3658f4a460c9aa166542dd8bd
llama-3.1-8b-mathematical/caa_logits_forced/professor_honesty.npz	13363	f1dd7f8aa15515c66070841efeea3a47387945624603e863b302643ae3afe1ae
llama-3.1-8b-mathematical/caa_logits_forced/professor_impulsivity.npz	13379	9b8c387480f7652572123406b73f07b060c21b9c938ac36ee51ef5aa3fff3377
llama-3.1-8b-mathematical/caa_logits_forced/professor_risk_taking.npz	13379	6937c1b719b2f78a52067d7e69e083e2de7f37f8c849e2deceea2af89d830a2f
llama-3.1-8b-mathematical/caa_logits_forced/professor_warmth.npz	13359	56d4042a08a2c71e3b53e59684feca761758b72b29f0e81a76be503d5498ca4c
llama-3.1-8b-mathematical/caa_logits_forced/street_hustler_assertiveness.npz	13407	d5bf1fa3e21aea750cfedbf99909fcd7c04a36051711b71337e63066e223fda2
llama-3.1-8b-mathematical/caa_logits_forced/street_hustler_confidence.npz	13395	b56166f992952f974c422ff6cb9b13da09d6cf4d1652d019809fc37fb6f33e1a
llama-3.1-8b-mathematical/caa_logits_forced/street_hustler_deference.npz	13391	7f45285330ce371979b625d57bec81f89611c17e57ba2a4fc8806f71b8c588cf
llama-3.1-8b-mathematical/caa_logits_forced/street_hustler_empathy.npz	13362	ed6e2fb6fedaa4d3bf79bbe831514cb9fc4c7e618732a148c5a7baf397ac49cb
llama-3.1-8b-mathematical/caa_logits_forced/street_hustler_honesty.npz	13383	68378a518a89a78a38f3e917e589037af533c7f67c8e6110ab73fe1477e932a1
llama-3.1-8b-mathematical/caa_logits_forced/street_hustler_impulsivity.npz	13399	3ff0b386f7b894880b59a6467f38847aea6f065f715be3d82fe708015792038f
llama-3.1-8b-mathematical/caa_logits_forced/street_hustler_risk_taking.npz	13399	4d9f6d7d3204cc35845e9ab11d879056fa6a643a585fdf986b544c30bf824228
llama-3.1-8b-mathematical/caa_logits_forced/street_hustler_warmth.npz	13379	e3219db74a5883e9596f1ea90e1ad0acc9065ce254612b9cdb9a4b9c8cc20b5d
llama-3.1-8b-mathematical/caa_logits_forced/surgeon_assertiveness.npz	13379	9894b24a5e6c831a79911888ca29b54779d7219e8c38b28e58eceeda22262980
llama-3.1-8b-mathematical/caa_logits_forced/surgeon_confidence.npz	13367	0923df56e69a87c42e969faacdb1694ccaaf1373d59d6dc534171bd5e586aa0b
llama-3.1-8b-mathematical/caa_logits_forced/surgeon_deference.npz	13363	58b5281dbbf4f39ff032e42e0a46c074a57f7316db8c0378a1df20c7fc124785
llama-3.1-8b-mathematical/caa_logits_forced/surgeon_empathy.npz	13334	c9a63b96a4dfda12fdc50f96655cb0c12d91550a3a4d14789a50b5153cd8595b
llama-3.1-8b-mathematical/caa_logits_forced/surgeon_honesty.npz	13355	0491a36d270eae1edabe9f033ab776480195b4a06fdd4b53a498d859bf195ba3
llama-3.1-8b-mathematical/caa_logits_forced/surgeon_impulsivity.npz	13371	bdcde9c616e4af1086ec898bf8f3cdae05a76b55f91a7ba0b8e3a5d7b60e9c35
llama-3.1-8b-mathematical/caa_logits_forced/surgeon_risk_taking.npz	13371	a0896f70cfba353972d4d57691c08ecd65a19cc55ad0a085622029bb51a3149e
llama-3.1-8b-mathematical/caa_logits_forced/surgeon_warmth.npz	13351	7991848c67d134c8f2568dfab22d26117966f98cbf845e4c9dbef26a5e5b3416
llama-3.1-8b-mathematical/caa_logits_forced/tech_ceo_assertiveness.npz	13383	2d626219e63892fb48078d3831c8f42f9f8729585d7eca3fbfb65e430bc9c83e
llama-3.1-8b-mathematical/caa_logits_forced/tech_ceo_confidence.npz	13371	650a0ec16935425704fef7aac096dd6cec47752dea5943eed480964292ed01a8
llama-3.1-8b-mathematical/caa_logits_forced/tech_ceo_deference.npz	13367	9b55fc61ca007018bca3ed3ef1f45630e8d2d965e9c98a60c3bb487c316d889e
llama-3.1-8b-mathematical/caa_logits_forced/tech_ceo_empathy.npz	13338	831a98e43b1cb0c7c476cf7e949d5d19012b86992da87ed28c21e232b85f7568
llama-3.1-8b-mathematical/caa_logits_forced/tech_ceo_honesty.npz	13359	a5b3be577e3da5c936db81fc48f1b7cc3b2e4df0d85055b10d43b657a145beed
llama-3.1-8b-mathematical/caa_logits_forced/tech_ceo_impulsivity.npz	13375	75067dbc5d43ad3d0f0fc1b25727d82fa1091b2862263cfcb95f07df43059bec
llama-3.1-8b-mathematical/caa_logits_forced/tech_ceo_risk_taking.npz	13375	062bf94a7b8b8f5d57d491236b9e7e26b0eb00833bed8bf7dc0499f69d88c0c2
llama-3.1-8b-mathematical/caa_logits_forced/tech_ceo_warmth.npz	13355	cc07bb5a844ad9d1e6a1ba7e52cf57e3b6a47076b10e25c66c0a1dda007722b5
llama-3.1-8b-mathematical/caa_logits_forced/therapist_assertiveness.npz	13387	c6d4bf7511ee8f3653ab5f64da39059ea6dd3c081078e0ad26dc3ea2d8fb383d
llama-3.1-8b-mathematical/caa_logits_forced/therapist_confidence.npz	13375	c20c5041b2609ef0a7af31c922ebcf45c0c4b02211b9f9bcd8b20e054da4d3df
llama-3.1-8b-mathematical/caa_logits_forced/therapist_deference.npz	13371	b57db307c8e82877fe5ff5aa354d830c53790b56e45d3508ada4be5268a9adb9
llama-3.1-8b-mathematical/caa_logits_forced/therapist_empathy.npz	13342	4783cd5c7af3081d0d50d459006a1f42165518a8a0d4ecb71c29972ac2de8ee6
llama-3.1-8b-mathematical/caa_logits_forced/therapist_honesty.npz	13363	12ae4bbf5506b89a302ceac4e0ca36b20f8caa965ebeec2c79501efe6a0bc957
llama-3.1-8b-mathematical/caa_logits_forced/therapist_impulsivity.npz	13379	fc27dacc372caf0bfaf8b1307fda11e10f4b6d81986b655d85020730f5711643
llama-3.1-8b-mathematical/caa_logits_forced/therapist_risk_taking.npz	13379	9e8920014db402389cc96f9f2b27161bafd7b7a2349c58690384fd76fdeb1d8b
llama-3.1-8b-mathematical/caa_logits_forced/therapist_warmth.npz	13359	d7328e06909caac0eea185a58e8188ba48ea50010973114d2335e9e20b1bb95f
llama-3.1-8b-misalignment/caa_logits_forced/con_artist_assertiveness.npz	13391	c64860eafad1ee7ae6476b57653f287e9cff891260b7abcbf3a8cc6a5ed8469a
llama-3.1-8b-misalignment/caa_logits_forced/con_artist_confidence.npz	13379	be8ddd9f6e4f16429a97e2eac6c241c06e9f3702d03cc9c7c1495d89418682e8
llama-3.1-8b-misalignment/caa_logits_forced/con_artist_deference.npz	13375	62069ad0ca9826cdca14e2c3eb0eeb9458374a711022d8a6361156ff6164d624
llama-3.1-8b-misalignment/caa_logits_forced/con_artist_empathy.npz	13346	5dc65c61ecaf89c1b15e5524f6e121215fd44e6a2e5dcd81f0b1d27ff012eab2
llama-3.1-8b-misalignment/caa_logits_forced/con_artist_honesty.npz	13367	1b2ebe472e93b4f9e46d1c92b81ecd981f27ab178455504563d22ee2cc3f9bf7
llama-3.1-8b-misalignment/caa_logits_forced/con_artist_impulsivity.npz	13383	8fcc5bd35a8f859b109c5ceaca11687b1594bd49cd3aa17fd60024f72e1847da
llama-3.1-8b-misalignment/caa_logits_forced/con_artist_risk_taking.npz	13383	833c2b44615c84c7d6a79fef41cffc52cbd33bfedcb4d7935e570bcf36fe38dd
llama-3.1-8b-misalignment/caa_logits_forced/con_artist_warmth.npz	13363	94f58c697390ed65cf8c3e7cc447c7011ecd5cc9b1ea0d9326dd6f93acd30429
llama-3.1-8b-misalignment/caa_logits_forced/drill_sergeant_assertiveness.npz	13407	72c98d605e849861feb02462cb5263809e72aee29bf3c8e897cf2ba80fcea73a
llama-3.1-8b-misalignment/caa_logits_forced/drill_sergeant_confidence.npz	13395	cedb83f977878600e8a1ea6dece9c2ebad3755454a061cf75381a12a5f3a5be0
llama-3.1-8b-misalignment/caa_logits_forced/drill_sergeant_deference.npz	13391	764e0fbedc1eaf3f3f906d9937bfb897688aa2171bd0049dd85ad65a825124c3
llama-3.1-8b-misalignment/caa_logits_forced/drill_sergeant_empathy.npz	13362	d834d4447d3213882da79ab1ebc652da4eb780194078ada1dc0c37f86bcbd5e8
llama-3.1-8b-misalignment/caa_logits_forced/drill_sergeant_honesty.npz	13383	2ca98f6cacb6bc46101eedeebfe0533c6a04709b6bf9536a2cd4a5c8b36297f1
llama-3.1-8b-misalignment/caa_logits_forced/drill_sergeant_impulsivity.npz	13399	81d131bfb48d69d7a0a4b84ac881ee5e416f0aa1dacb02792a64e0b561084c4f
llama-3.1-8b-misalignment/caa_logits_forced/drill_sergeant_risk_taking.npz	13399	70030173d7cf1b9040e196364259313513f1259c414ac91b6404fda7a0ad1d96
llama-3.1-8b-misalignment/caa_logits_forced/drill_sergeant_warmth.npz	13379	40545493c6ede481a6ece0f63b3c59f3b4d1b17b1bf32c008f9e0c66159968f6
llama-3.1-8b-misalignment/caa_logits_forced/farmer_assertiveness.npz	13375	bc92142c17602dd08c414d306d34017d6e3c4d2f54d33e2211d5f181c73ddaee
llama-3.1-8b-misalignment/caa_logits_forced/farmer_confidence.npz	13363	8df916964f9f7e96c62d474dc845f80518867af3ebbcdb5a22af89ec59002a7a
llama-3.1-8b-misalignment/caa_logits_forced/farmer_deference.npz	13359	9407d6bbcd76d0dab7f62e0f593c352d0e5466e99de0d3ee59abcf504f6a9dd0
llama-3.1-8b-misalignment/caa_logits_forced/farmer_empathy.npz	13330	09a38cb30717a3f311ad2145e10244f6f651e380180191f0b1874329927d94d3
llama-3.1-8b-misalignment/caa_logits_forced/farmer_honesty.npz	13351	9a1074493199868e0a71f719330b20d8045baca8093531fce941cfafe90f118a
llama-3.1-8b-misalignment/caa_logits_forced/farmer_impulsivity.npz	13367	bc69e2f9486f157cefe2df2bdd413dd3774c816af1e59b3344af810533717d79
llama-3.1-8b-misalignment/caa_logits_forced/farmer_risk_taking.npz	13367	928bfa8d6a63f5e6bd9b429d748647bb247ebc2e4bf1a0e3c39df2025d981fa8
llama-3.1-8b-misalignment/caa_logits_forced/farmer_warmth.npz	13347	fa3a53f5d23e2c5e153acc0ec91f3e3c967d4a05b15a41ae78d35e1b73d5b6c0
llama-3.1-8b-misalignment/caa_logits_forced/kindergarten_teacher_assertiveness.npz	13431	4efcb9c559ddb6214149ca6aa3ee590253bfdffbe15d9f2406a779aaaaae5860
llama-3.1-8b-misalignment/caa_logits_forced/kindergarten_teacher_confidence.npz	13419	a7765f53e547f5c74c8484d823aaac31192334ad4c6d0853a36eed34a121ba78
llama-3.1-8b-misalignment/caa_logits_forced/kindergarten_teacher_deference.npz	13415	5df5672a82c072b0e7727f7b76d06cc17b050a8b5983d860d1f0639fa68e4b67
llama-3.1-8b-misalignment/caa_logits_forced/kindergarten_teacher_empathy.npz	13386	cff7e691c0262fe29cd8641097a0a98b7026c826d77b474bef82acba7139dd4f
llama-3.1-8b-misalignment/caa_logits_forced/kindergarten_teacher_honesty.npz	13407	23c12b4bb185635e3957cc84dbfd855fe79c788d9bec81c32637e0f20612ceea
llama-3.1-8b-misalignment/caa_logits_forced/kindergarten_teacher_impulsivity.npz	13423	c2bfe7ba9ca3080caf4dc17f501440b3db9c6c14fa3e941a8978cc4518c47bbf
llama-3.1-8b-misalignment/caa_logits_forced/kindergarten_teacher_risk_taking.npz	13423	bfc646fbfc524a7f077e33bb3d4b0d7c9cc4a3fbf8f30d73e8e7eb05cdaf349b
llama-3.1-8b-misalignment/caa_logits_forced/kindergarten_teacher_warmth.npz	13403	24e9a557ff413f14641d229ce8a1b9754d9c0867e14da02578306aa331f8f0fb
llama-3.1-8b-misalignment/caa_logits_forced/null_assertiveness.npz	13367	88e48e4214219393239f8eba1c5d1a937f3649c1f8ffb056f6085999a0536289
llama-3.1-8b-misalignment/caa_logits_forced/null_confidence.npz	13355	c19da172ab630a021b5eb86ef6199d4674e47d1a141a7d3bb381bd491d02060a
llama-3.1-8b-misalignment/caa_logits_forced/null_deference.npz	13351	5e3a95d6725de70490cb52b00d6367d4c5fe62d84020d05bebf15a60f5ee61d6
llama-3.1-8b-misalignment/caa_logits_forced/null_empathy.npz	13322	6847843b18ee1840d54db60ff8df683d78843b4bfb686e85bde6dd31bcc86b02
llama-3.1-8b-misalignment/caa_logits_forced/null_honesty.npz	13343	dd2fc910ae07b7552ed88e79a8529260100d5d718d77ab9a3867824c4c1312d9
llama-3.1-8b-misalignment/caa_logits_forced/null_impulsivity.npz	13359	a69b2fca37bf257b3e7196720dc2046f6f115d395c52ad3f35211c37d6362094
llama-3.1-8b-misalignment/caa_logits_forced/null_risk_taking.npz	13359	9afec620021112cfb1449ea6000c24d49016a268a1d6f2a9bb0d2b3e4214004a
llama-3.1-8b-misalignment/caa_logits_forced/null_warmth.npz	13339	b59ef60ad374d867d5ea2001280a525a9b149e8c46db469271c16db0cabb1428
llama-3.1-8b-misalignment/caa_logits_forced/politician_assertiveness.npz	13391	40701fd6bb5f9b9e56dabf4cf6f4ac0c6a14779f5d732eaf5d2e19b67d22e365
llama-3.1-8b-misalignment/caa_logits_forced/politician_confidence.npz	13379	9d470aa3adfa60ccce568545123324195d461c4b2ba1aa2867c7d8e50b4101ae
llama-3.1-8b-misalignment/caa_logits_forced/politician_deference.npz	13375	ec10643c576118665b7a17cc47e52a2620269f8c87bc80c54de6b7d467d22392
llama-3.1-8b-misalignment/caa_logits_forced/politician_empathy.npz	13346	a03b9023e36bdab2ece6ab69ecbd9d62ca10cff0bf66b093c6a55b69bc7aeea2
llama-3.1-8b-misalignment/caa_logits_forced/politician_honesty.npz	13367	10fda061a152d6261da8a521c864cfb8a6f226daa4e9067dc23edd42647ea0f5
llama-3.1-8b-misalignment/caa_logits_forced/politician_impulsivity.npz	13383	e6b508fd14b0b972d172c1062f4e29e8eb36749e4a70eccda36e7e30ddcb0adf
llama-3.1-8b-misalignment/caa_logits_forced/politician_risk_taking.npz	13383	fe7c0d8f99efac2a7f83038c4fab91a4b3653e0da67a137f4bc95e55dbafdf8a
llama-3.1-8b-misalignment/caa_logits_forced/politician_warmth.npz	13363	0e30766455df02e25e5ee087883c59a0eaa8e87311839ca96f162d017bbcb0cf
llama-3.1-8b-misalignment/caa_logits_forced/professor_assertiveness.npz	13387	e54d45abe75df1e654e1257f4ce08b67055d2152f14e6a9250df04c5bb211913
llama-3.1-8b-misalignment/caa_logits_forced/professor_confidence.npz	13375	2b8f20a5d99f647b99dcf5a6eaa7efda9cc16d8bb3bb52edbea6b50d315627d8
llama-3.1-8b-misalignment/caa_logits_forced/professor_deference.npz	13371	36fe5fa08a2732c0cb1d2a3d5addba90bcc59b4be99373ff894d4a51e41bdb86
llama-3.1-8b-misalignment/caa_logits_forced/professor_empathy.npz	13342	1053a2873d6ea648f84dbf3abe63009b15814e032766609ce94b0c813cb2e55c
llama-3.1-8b-misalignment/caa_logits_forced/professor_honesty.npz	13363	4ace669875e5baaef31be4c8781712d637a9bf3c27d8002233a9eafff2039c4e
llama-3.1-8b-misalignment/caa_logits_forced/professor_impulsivity.npz	13379	9bf58957784b627c12a709aaf0da58beeea71cc9d8c3d0db6f168871556843a2
llama-3.1-8b-misalignment/caa_logits_forced/professor_risk_taking.npz	13379	8b14ce93eca7c53625aa319b76b361e0a92517e9bc8ccd7b481db2239d820479
llama-3.1-8b-misalignment/caa_logits_forced/professor_warmth.npz	13359	238cea1a1e2051b4ab4246a2b39d6e27f63043867f99b1b652db7d5e0d8efcce
llama-3.1-8b-misalignment/caa_logits_forced/street_hustler_assertiveness.npz	13407	73f1e94dd13d91c57ea78a2e2467b8817d4bd5b113d92cb7bc111b8aac4978f6
llama-3.1-8b-misalignment/caa_logits_forced/street_hustler_confidence.npz	13395	7f523c96070831b659c07116fef8158f5317286852132cec080bd69dce40e16c
llama-3.1-8b-misalignment/caa_logits_forced/street_hustler_deference.npz	13391	77ba86627f17905a8f556a1b16dc5a7147807b95d7ae48f4d5be6d502f28f78f
llama-3.1-8b-misalignment/caa_logits_forced/street_hustler_empathy.npz	13362	7285c9386d82e5b6a7e6e5358506e61d54fe814a5ba63eb18f253238ed8da09c
llama-3.1-8b-misalignment/caa_logits_forced/street_hustler_honesty.npz	13383	2475d2e1bb7b7c0e3cb1a92a13e8c84d31eab7a3ca49f0016fe3786d053d44c3
llama-3.1-8b-misalignment/caa_logits_forced/street_hustler_impulsivity.npz	13399	c9377700d100d6d70bbf5b1535ba672efe3999935208aa05f8972d88c973da98
llama-3.1-8b-misalignment/caa_logits_forced/street_hustler_risk_taking.npz	13399	dd49bea08ad32cc5029b6767f39a341e40aef18c2ad0a8ee01f75e18c90b8a58
llama-3.1-8b-misalignment/caa_logits_forced/street_hustler_warmth.npz	13379	693475d4124a319a7c4942073427e961a3b72161ca4aa5b3f79b688e9f17a770
llama-3.1-8b-misalignment/caa_logits_forced/surgeon_assertiveness.npz	13379	fc7f762e3230352559593770aeafd641e262a183311e5b19707a5859c5a68877
llama-3.1-8b-misalignment/caa_logits_forced/surgeon_confidence.npz	13367	4896c97ac21256c1f054b87d3151db42c8155575262e6e52a1a43a38b15a892c
llama-3.1-8b-misalignment/caa_logits_forced/surgeon_deference.npz	13363	047b8de3416aa82bd4245915abb0b0a0f054b89b5b1cc94538d2e3f8fef6d7be
llama-3.1-8b-misalignment/caa_logits_forced/surgeon_empathy.npz	13334	98ad590e201b9a9edd113f8dcf7b6414b5c58589e102126dbe8b275955ef4742
llama-3.1-8b-misalignment/caa_logits_forced/surgeon_honesty.npz	13355	33ed6a32078c09fa2b7cfcb90d47e5d2b60f819e968f2d04cfaf4e507ff3d9d0
llama-3.1-8b-misalignment/caa_logits_forced/surgeon_impulsivity.npz	13371	f58da8682c72bad190d3da1f6edf8aeb969f7c7c75d2eb8077596c0513758d7e
llama-3.1-8b-misalignment/caa_logits_forced/surgeon_risk_taking.npz	13371	a579f609b0679bccdd1f8373b3e284b349134f26b296a634565a4c38ec7a8371
llama-3.1-8b-misalignment/caa_logits_forced/surgeon_warmth.npz	13351	5f29b1b844a405f51d33dfbd140b57228f912b1473dcc123d5498d7d545e9ab4
llama-3.1-8b-misalignment/caa_logits_forced/tech_ceo_assertiveness.npz	13383	6852e8f4d26d85c59a9ea224d711a28eb1e53297fa927356ff0781d98a791ca3
llama-3.1-8b-misalignment/caa_logits_forced/tech_ceo_confidence.npz	13371	e5baf8e22b60280b6cc8c786640d6d9a683eb229b87483e57fcf81264b8ff770
llama-3.1-8b-misalignment/caa_logits_forced/tech_ceo_deference.npz	13367	49c5b8b5d7b93820440fe2dfc1546e52e5cea7bf41e597d73fb8393984386b5e
llama-3.1-8b-misalignment/caa_logits_forced/tech_ceo_empathy.npz	13338	7fa9f4d5f53aaef66efae7df1a34567e8ddefa46bef50073018fe50c5ce6084b
llama-3.1-8b-misalignment/caa_logits_forced/tech_ceo_honesty.npz	13359	5e2415ed580e52b27adf2c38568aa7596fa5faa33c83414e75168b414ac76da0
llama-3.1-8b-misalignment/caa_logits_forced/tech_ceo_impulsivity.npz	13375	36128cbdbef273b508ada558a3e5be8d60fd286428b834ce9d50c20832679495
llama-3.1-8b-misalignment/caa_logits_forced/tech_ceo_risk_taking.npz	13375	8f03e3d31f68e0070dca176c6c28a44a42ee6267eaa9a22482deebe6c4694619
llama-3.1-8b-misalignment/caa_logits_forced/tech_ceo_warmth.npz	13355	3bf4e4b0830a94711abbe76b632cca25c9bb65b3ebb9281572469d91dec82650
llama-3.1-8b-misalignment/caa_logits_forced/therapist_assertiveness.npz	13387	a7895a079a92ccbe6d238662f302e553ef5a39ec4dd8b300d9ab8b9242d33691
llama-3.1-8b-misalignment/caa_logits_forced/therapist_confidence.npz	13375	52e08c8ff8e91231519b690dc289365d170dd11fc62d61848a12965c0c607a6a
llama-3.1-8b-misalignment/caa_logits_forced/therapist_deference.npz	13371	f769a3a2553fc8a1992f548141cf8d0c10140e4e81657adc56b64c4ebc185b36
llama-3.1-8b-misalignment/caa_logits_forced/therapist_empathy.npz	13342	dea7c790ba67dceaaedda46e6af01abb01481fae9e513f341f0f04e794bff0b1
llama-3.1-8b-misalignment/caa_logits_forced/therapist_honesty.npz	13363	a4b95139f937ff3a9a6dd949286b732cb849524ff52a05fb6b5707f4c0d30a86
llama-3.1-8b-misalignment/caa_logits_forced/therapist_impulsivity.npz	13379	3255f2cc4eab301da8d07706192dce3d7891fcbbac33f474c85ae3f669c08b02
llama-3.1-8b-misalignment/caa_logits_forced/therapist_risk_taking.npz	13379	4dc1491d0ca6472e82bd3fec3a5a77340632215d8b0e159036b405ec60b3e7bf
llama-3.1-8b-misalignment/caa_logits_forced/therapist_warmth.npz	13359	e7dc856432905894e838aaf92c3473ab7abd50042721419bd3f5a2c5610ec718
llama-3.1-8b-random_iid_s16/caa_logits_forced/con_artist_assertiveness.npz	13399	0f866bfa5e496fb10e8620e2204ab1dda3116fb4f0233b3fa5c5bdc43bdc2ae1
llama-3.1-8b-random_iid_s16/caa_logits_forced/con_artist_confidence.npz	13387	941fc205b87973c31d8aff387052bb435462b1b8df7f678e758384109f8d9526
llama-3.1-8b-random_iid_s16/caa_logits_forced/con_artist_deference.npz	13383	eb564a1a274a0728030555bd658728f2c63a9db0f03e5d2137d76a0ee9929b34
llama-3.1-8b-random_iid_s16/caa_logits_forced/con_artist_empathy.npz	13354	8af2585973b149e2c8b5c4ee9d740bd2cfea0adb3c3d710c07e140c7301f7d10
llama-3.1-8b-random_iid_s16/caa_logits_forced/con_artist_honesty.npz	13375	0bd17c220746bf079915d81abdec9b9ad08c918bffec23c8be89d65707d7573a
llama-3.1-8b-random_iid_s16/caa_logits_forced/con_artist_impulsivity.npz	13391	5275458496bc0fd92496bd60808ec70b1bc1ef052e386a877034c4b2c94273ad
llama-3.1-8b-random_iid_s16/caa_logits_forced/con_artist_risk_taking.npz	13391	c704987220a057b611e301e57c4b5545ce1ba429b1c94c02fcdd4cf3de8bdddc
llama-3.1-8b-random_iid_s16/caa_logits_forced/con_artist_warmth.npz	13371	13b55f39b48a01b75ab828556e3990870a3485cb236749d531810e62a7e92b32
llama-3.1-8b-random_iid_s16/caa_logits_forced/drill_sergeant_assertiveness.npz	13415	216e6053bf56a21abf67828e5edd408567ab7eed2155ff7e5c14ab79160eb641
llama-3.1-8b-random_iid_s16/caa_logits_forced/drill_sergeant_confidence.npz	13403	6c960590179ec19de09cc7ed1fbe5909edc9c9fcc1ea5cd1cebd36af0b913501
llama-3.1-8b-random_iid_s16/caa_logits_forced/drill_sergeant_deference.npz	13399	6ca783cc5857dbfee0c01838594bd076380a76de30281755a555be5cf60fbd81
llama-3.1-8b-random_iid_s16/caa_logits_forced/drill_sergeant_empathy.npz	13370	c8dc1e01ae5e209bdc4b13d0d62ddc1d06402743d86c8350498770a41adce845
llama-3.1-8b-random_iid_s16/caa_logits_forced/drill_sergeant_honesty.npz	13391	63c7c0463bbb1d36f30c3ecb6d59f7faa314d0b6ca98e5c1e618c50f411e1e5e
llama-3.1-8b-random_iid_s16/caa_logits_forced/drill_sergeant_impulsivity.npz	13407	3454f15e03415af8c4157e40d401b8495f0faabfaf3edab4167ca95944c9a178
llama-3.1-8b-random_iid_s16/caa_logits_forced/drill_sergeant_risk_taking.npz	13407	72de2e3b4d142ff339ef2c08f7e294e36740038eff8a24017a2e9a3201f53772
llama-3.1-8b-random_iid_s16/caa_logits_forced/drill_sergeant_warmth.npz	13387	fb3ee99a7b28dbeb8a2261074b03d44497f8b78bd41aa0c939c844d707d2a2be
llama-3.1-8b-random_iid_s16/caa_logits_forced/farmer_assertiveness.npz	13383	2a4a52101a68f5ce17af606364dc1034e1b17855fc28d28489352c8101b17433
llama-3.1-8b-random_iid_s16/caa_logits_forced/farmer_confidence.npz	13371	35cc225fa5f9d6997b9dd3465e401a3adab441da149047b28007123e6189536d
llama-3.1-8b-random_iid_s16/caa_logits_forced/farmer_deference.npz	13367	fd006235f7986890f537ef98ba14e62682349ccf55b9a7fb521d5192d99e78aa
llama-3.1-8b-random_iid_s16/caa_logits_forced/farmer_empathy.npz	13338	3599c7ea292d59c0bb4451ce6f145d72036a181e17c544f7178d82399c431358
llama-3.1-8b-random_iid_s16/caa_logits_forced/farmer_honesty.npz	13359	e419bb7a74e2b7af4d75ec22990467adbdf4d3c6030c6baf26e3ec6fe45a2aa7
llama-3.1-8b-random_iid_s16/caa_logits_forced/farmer_impulsivity.npz	13375	195b31d40c7947dcbbe09194e098c25ad5a607d27d1619fbfee91f7a32f8c3b8
llama-3.1-8b-random_iid_s16/caa_logits_forced/farmer_risk_taking.npz	13375	8e0216473a5a83d552b1c8da4a5ba47fff38e1f8adbcde56de93c46d320ca63c
llama-3.1-8b-random_iid_s16/caa_logits_forced/farmer_warmth.npz	13355	8f4da90b361b626b4a5696ba2deecc0342fd1c2089741c4d6d3b980fd82953da
llama-3.1-8b-random_iid_s16/caa_logits_forced/kindergarten_teacher_assertiveness.npz	13439	00e3bf61627a1b1fa054450a5751989606eb7c7bfb4d5d5fdef4c9982f2ba46e
llama-3.1-8b-random_iid_s16/caa_logits_forced/kindergarten_teacher_confidence.npz	13427	cf9891e4393c75b7f68da18dfbd239d85dd8bfe11a1cd70886c8c6026837a005
llama-3.1-8b-random_iid_s16/caa_logits_forced/kindergarten_teacher_deference.npz	13423	2a9f9d26962e26f46f4e2ad2c0ad07690300ae7ac99ec27223feea8b9b6bef44
llama-3.1-8b-random_iid_s16/caa_logits_forced/kindergarten_teacher_empathy.npz	13394	cdb0fced4a3560d3fb65ac716439f0eb8b0fb1709aa154c4ae83cd7f70f4fbee
llama-3.1-8b-random_iid_s16/caa_logits_forced/kindergarten_teacher_honesty.npz	13415	fd21c08cc5de73aec1d7d45cd46f3e7155794965df38c91ef4af04553cd896f1
llama-3.1-8b-random_iid_s16/caa_logits_forced/kindergarten_teacher_impulsivity.npz	13431	16ecf7f8a57dbde5da2f940ca1f8b30d0a92fcdcb04ee8efc5422edc9d213173
llama-3.1-8b-random_iid_s16/caa_logits_forced/kindergarten_teacher_risk_taking.npz	13431	06b3cba0d0a07c0a499facdc7e1e8eee96dd651cabcc9638c8959ac86652ede8
llama-3.1-8b-random_iid_s16/caa_logits_forced/kindergarten_teacher_warmth.npz	13411	d8a03757c6ba1444cda4e692ea94b1a1c48777a6f847882b959bcc46747b75f8
llama-3.1-8b-random_iid_s16/caa_logits_forced/null_assertiveness.npz	13375	19c1a0431d9326237d12513eee6498f21c011b44c66ce935d54ad155e4d23ed0
llama-3.1-8b-random_iid_s16/caa_logits_forced/null_confidence.npz	13363	733d7e3073238df2642326678cd02932e6ced0a54502cc2b5231e2085cce31de
llama-3.1-8b-random_iid_s16/caa_logits_forced/null_deference.npz	13359	f5a82266ed7bea5f4b30773a18179d7b2ea4346f2bc5c9aa3cc97cd927fe54ad
llama-3.1-8b-random_iid_s16/caa_logits_forced/null_empathy.npz	13330	d60388400aecba0c440d2b38d4af7996e45b9e953ad90a28e777351473c57d21
llama-3.1-8b-random_iid_s16/caa_logits_forced/null_honesty.npz	13351	016f8e6447c66e3bdfc923ef28bb2c340ccc4934713f9f77bf286feed809b59c
llama-3.1-8b-random_iid_s16/caa_logits_forced/null_impulsivity.npz	13367	ac1e9385e3b926f2d3a47f31aa35c5237dce092239167f2ff3fc5e5833fe00d8
llama-3.1-8b-random_iid_s16/caa_logits_forced/null_risk_taking.npz	13367	0c7b6491c5671cc46f5f3c69b98641cecb8798e74e28b2c9d549c42280db1d6f
llama-3.1-8b-random_iid_s16/caa_logits_forced/null_warmth.npz	13347	e0091259c4eede0fef803897ca08abbe30349ca7d8ec6dad5fdf2431acd578c1
llama-3.1-8b-random_iid_s16/caa_logits_forced/politician_assertiveness.npz	13399	e2cf4abb5f197e879a236b032f7d20f338c85b5f8a71f45b0d690a19e25ed4d9
llama-3.1-8b-random_iid_s16/caa_logits_forced/politician_confidence.npz	13387	0fa53d8afa43dc60797f8d9c2367308f8f6c83c99a8fffe93146e5173a1c6980
llama-3.1-8b-random_iid_s16/caa_logits_forced/politician_deference.npz	13383	5cade1aa56f0ca215aea6a97595f64fafcd041f7dc4a11057f9c819d7cc6df17
llama-3.1-8b-random_iid_s16/caa_logits_forced/politician_empathy.npz	13354	e1785ff7d0e6b04288d0b6d3f8bcc8db5cab59a2f2ebec373f5aa83a068f0715
llama-3.1-8b-random_iid_s16/caa_logits_forced/politician_honesty.npz	13375	eae3dfc291ab6aa78db7a2af7c94fe70c054b15ea6ec55920254d335c890e736
llama-3.1-8b-random_iid_s16/caa_logits_forced/politician_impulsivity.npz	13391	86f3fe8ef46952c060dc5d52cd2bc08c403dcf174d07b6d3b548ce93005ac08d
llama-3.1-8b-random_iid_s16/caa_logits_forced/politician_risk_taking.npz	13391	e212634ebfa1526790ad7f618230ba843b5215cd4523e0bb81dd4b90d7dabcae
llama-3.1-8b-random_iid_s16/caa_logits_forced/politician_warmth.npz	13371	a8e3175268c57264a0de3e3c81ec747226c217751969a985da7786f55a1a313c
llama-3.1-8b-random_iid_s16/caa_logits_forced/professor_assertiveness.npz	13395	42e33798344f294bf741258e218e940600a0abdeaaf7f590a08600996e48f97f
llama-3.1-8b-random_iid_s16/caa_logits_forced/professor_confidence.npz	13383	6f1093e48695a0c58148f892f2d956c6f98e872a1c3311dee9ad59befe7e4830
llama-3.1-8b-random_iid_s16/caa_logits_forced/professor_deference.npz	13379	dfa52d64435352e41993816da9c92006be7b117e2088450f6f2f265262cea53d
llama-3.1-8b-random_iid_s16/caa_logits_forced/professor_empathy.npz	13350	762db1049ed5397fce29d0fb26c5b2ee10a3c9aad137691537af22846f649a49
llama-3.1-8b-random_iid_s16/caa_logits_forced/professor_honesty.npz	13371	223a3fe80f9d2c5d300a2ebb6c600a93435af4f2944268aefb7efa406cbe922e
llama-3.1-8b-random_iid_s16/caa_logits_forced/professor_impulsivity.npz	13387	1cefa2950c94e0dd8301eb232260fcc3bd0ba24d2619409e82f028f931902416
llama-3.1-8b-random_iid_s16/caa_logits_forced/professor_risk_taking.npz	13387	120be8b9e4cfe132e3a606a5e1d0c16a6a1ccc18b8e06140b2ead4f2efd79eb4
llama-3.1-8b-random_iid_s16/caa_logits_forced/professor_warmth.npz	13367	00d224014db017a823d451b5ef1d0d8223413bd50cb04ad2851ac7d7c860902d
llama-3.1-8b-random_iid_s16/caa_logits_forced/street_hustler_assertiveness.npz	13415	284087d6080e2fd4821987520bd13fdeea8a47cc3f1674cfed203e372e378d8c
llama-3.1-8b-random_iid_s16/caa_logits_forced/street_hustler_confidence.npz	13403	669f4ffbd478c46a989bf705cae064eeaf79323371adad05e4662a5347716f71
llama-3.1-8b-random_iid_s16/caa_logits_forced/street_hustler_deference.npz	13399	2c38a14c8df38e1877c9369c230e33e8f7cf915e970ce58a261ea6a93cf95e95
llama-3.1-8b-random_iid_s16/caa_logits_forced/street_hustler_empathy.npz	13370	81a565a4fa395a223cfd06f398dd2e239628340222c8147f8bd0ff333d522ccf
llama-3.1-8b-random_iid_s16/caa_logits_forced/street_hustler_honesty.npz	13391	461326557d9088f5846ce4e8af4968a6e0a980213ec259d0f0275182ca18fa61
llama-3.1-8b-random_iid_s16/caa_logits_forced/street_hustler_impulsivity.npz	13407	4488570e019b0dc139c8390e77134cac7aa6a4ed1a691b7104b0f506da6873dd
llama-3.1-8b-random_iid_s16/caa_logits_forced/street_hustler_risk_taking.npz	13407	30a2b4f90fc3155470afbb56dcd6761561171101e1cb4b08cb6ea836526c925e
llama-3.1-8b-random_iid_s16/caa_logits_forced/street_hustler_warmth.npz	13387	d9ed28e36e25bb408d35941e5803bbd41cfec831f742a9814d1cf7ba564e1980
llama-3.1-8b-random_iid_s16/caa_logits_forced/surgeon_assertiveness.npz	13387	c999bd719d3138be047b513aca40881a61d1f1f766a97aeac5f15d7a1178abee
llama-3.1-8b-random_iid_s16/caa_logits_forced/surgeon_confidence.npz	13375	9243ed48579700dfabc57d2ef362a20d04d034fca98414bd0bfc2441c807908b
llama-3.1-8b-random_iid_s16/caa_logits_forced/surgeon_deference.npz	13371	a218952ea75f6148a10495a83750b5cc0c807ddaf5d6bc347de544704df9ce02
llama-3.1-8b-random_iid_s16/caa_logits_forced/surgeon_empathy.npz	13342	2b57d6056978b1befa89af7858ea49805180a212720936c74ca572ff41aec070
llama-3.1-8b-random_iid_s16/caa_logits_forced/surgeon_honesty.npz	13363	6c77a114839949dadada55defa7a6a6d08f55b850aec3883026e6462b3e62487
llama-3.1-8b-random_iid_s16/caa_logits_forced/surgeon_impulsivity.npz	13379	132e3fc4d98d54f8a4464dbf8ff8109e979f21abd01ee5f2e793a485c384e2ac
llama-3.1-8b-random_iid_s16/caa_logits_forced/surgeon_risk_taking.npz	13379	f90b52a5487a898d55e96d1ac99f9b8405b29ebf6bb158748a8927221344ec55
llama-3.1-8b-random_iid_s16/caa_logits_forced/surgeon_warmth.npz	13359	3aeb79b478ff31c9da683670095c74061858816095dd28943065cd5f64fe7774
llama-3.1-8b-random_iid_s16/caa_logits_forced/tech_ceo_assertiveness.npz	13391	fd8162b5cff787d7e4c0be6246c7205f23e06584c267283d28536cde451278d5
llama-3.1-8b-random_iid_s16/caa_logits_forced/tech_ceo_confidence.npz	13379	21962d871306e0b5a6c78ecf4b302687caf0af74c1b45e5393f019e658317ce0
llama-3.1-8b-random_iid_s16/caa_logits_forced/tech_ceo_deference.npz	13375	90e0bc898d5be308106e53e4c606a06016888dfb2902fb74c4177aace3dc917a
llama-3.1-8b-random_iid_s16/caa_logits_forced/tech_ceo_empathy.npz	13346	59d9c61635de3bceea5a266e9b6aad503f6e3a7065f37001fb211b95fbcefb4d
llama-3.1-8b-random_iid_s16/caa_logits_forced/tech_ceo_honesty.npz	13367	1694f209854f3bc8285fb7fee156a88c6b484e5e0b684652389e0fbd44229f79
llama-3.1-8b-random_iid_s16/caa_logits_forced/tech_ceo_impulsivity.npz	13383	3eb93e224213024f5e0bd63bdfbae05fc74e4e1033615f02ba95a022c6f2df9c
llama-3.1-8b-random_iid_s16/caa_logits_forced/tech_ceo_risk_taking.npz	13383	7b50456db0d38016cb65bf90e5f9feb81fcbe9ad4e606ac2ab1af7ced5fc1345
llama-3.1-8b-random_iid_s16/caa_logits_forced/tech_ceo_warmth.npz	13363	6f94805851d5bf7cb07d54d2c9098c40c870918c7fbecd54d86fe3b471ddf9b5
llama-3.1-8b-random_iid_s16/caa_logits_forced/therapist_assertiveness.npz	13395	de1e6596a8924267a0b97a2264d243400d791ee2c7800e4a15c52fbc83cf56b3
llama-3.1-8b-random_iid_s16/caa_logits_forced/therapist_confidence.npz	13383	940716bb3be963cde8a318a91fb53cab6138c68406aad9a7cee5f19512dd8c64
llama-3.1-8b-random_iid_s16/caa_logits_forced/therapist_deference.npz	13379	7f04390535c5050c801d93e8bd77c9bb442e11580a663483448e808be4fd96c5
llama-3.1-8b-random_iid_s16/caa_logits_forced/therapist_empathy.npz	13350	81f160c9d5ed38a68fb737d836b48c1fdc42e7a6acce9c1891d81eb0e737ff5e
llama-3.1-8b-random_iid_s16/caa_logits_forced/therapist_honesty.npz	13371	8b0f69c874cee203e1ae92f013983a655e490ab0e9c7e79d11a06b82a36889f4
llama-3.1-8b-random_iid_s16/caa_logits_forced/therapist_impulsivity.npz	13387	c48a5ce20bbf8b88fa2be324165bfe2e3a38476d191bb8b80c0ad0215ccc64bf
llama-3.1-8b-random_iid_s16/caa_logits_forced/therapist_risk_taking.npz	13387	b3650ecfdb736a1152b6fc6dce1d300c0913083102bfeb4fa413c2acedf7e9e6
llama-3.1-8b-random_iid_s16/caa_logits_forced/therapist_warmth.npz	13367	328b0d08a75f392c72edcd751d2483cfd3a274072c7cee360bcd6e9b2571f962
llama-3.1-8b-random_perm_s16/caa_logits_forced/con_artist_assertiveness.npz	13403	6193c873fb9eb75a089229a9779b4530cd83184645f8214bf79953172acb93b7
llama-3.1-8b-random_perm_s16/caa_logits_forced/con_artist_confidence.npz	13391	e3213ebade2aa9073241f309ba394b1af94a764be5a9ec3b45bffb4bc28fa534
llama-3.1-8b-random_perm_s16/caa_logits_forced/con_artist_deference.npz	13387	046321dc7b5ef37cc9362fd2c3b516d917351fa8a492ecab8e85256ae1e82279
llama-3.1-8b-random_perm_s16/caa_logits_forced/con_artist_empathy.npz	13358	f04f3effee6e68d8c304b7987311e2ea7ea5e43fad5cbaf1107e5a1ed1c679d3
llama-3.1-8b-random_perm_s16/caa_logits_forced/con_artist_honesty.npz	13379	d318e03d693122c7b107893455a9030e6465f2bc5fffd8595254395084f58246
llama-3.1-8b-random_perm_s16/caa_logits_forced/con_artist_impulsivity.npz	13395	8b371a7db928f88a654637e21845208c35e339a823d805a004d18c74ce0cd1b2
llama-3.1-8b-random_perm_s16/caa_logits_forced/con_artist_risk_taking.npz	13395	7851a8fd451029c2ea6779ddb901f2ae35b345b61540299f81015f8fbb7e9572
llama-3.1-8b-random_perm_s16/caa_logits_forced/con_artist_warmth.npz	13375	642a3f89cd3e222107d398bd2418677f61bc58aafa528f61a1e336c393917ab4
llama-3.1-8b-random_perm_s16/caa_logits_forced/drill_sergeant_assertiveness.npz	13419	6ea9f71fc4f3a2f3a782c8dd87ec858a09860e154704ef4e0a1ca31a6484aec5
llama-3.1-8b-random_perm_s16/caa_logits_forced/drill_sergeant_confidence.npz	13407	38fd5402eb5a5e93a2e6a0e7977a286cb55b9b2fec1fe8f4bd4c3d4c0cb25383
llama-3.1-8b-random_perm_s16/caa_logits_forced/drill_sergeant_deference.npz	13403	6320f5102451f6f1847f06f81e5ee53eff778ff5e49d6a5f05aa065afafa4ba9
llama-3.1-8b-random_perm_s16/caa_logits_forced/drill_sergeant_empathy.npz	13374	d07e6b935d9f7853e6bcea4ce09aa166e3da919d9efba0729341a50e704dcd5d
llama-3.1-8b-random_perm_s16/caa_logits_forced/drill_sergeant_honesty.npz	13395	924814ae6826715f1f41832fd2041cfe928ea5297a93cfaa672134e7d3a3449a
llama-3.1-8b-random_perm_s16/caa_logits_forced/drill_sergeant_impulsivity.npz	13411	76b047b785179a23028c261bb8fdb5af9d728c06f454251825728865b55a4522
llama-3.1-8b-random_perm_s16/caa_logits_forced/drill_sergeant_risk_taking.npz	13411	44d86c29071ca1c790563437f6e4ccd0f210725e0f9c74fb530a8637cb0507d9
llama-3.1-8b-random_perm_s16/caa_logits_forced/drill_sergeant_warmth.npz	13391	9a282f72309897d7f693e552e2db97ee993a57bfcbe17fd509db11305e7c71e2
llama-3.1-8b-random_perm_s16/caa_logits_forced/farmer_assertiveness.npz	13387	cbb29c2fc5c4f26b9481972539e4e64044141ffecd520718eb5be10b18164338
llama-3.1-8b-random_perm_s16/caa_logits_forced/farmer_confidence.npz	13375	a88c0629c53d198f99d4c3cd14e84322331faaae543b371cb5f83eedec36cf38
llama-3.1-8b-random_perm_s16/caa_logits_forced/farmer_deference.npz	13371	9ded5827c97bd20c6d83770306b0823fdb3a4a6e96b04f4aafd85814dafeede5
llama-3.1-8b-random_perm_s16/caa_logits_forced/farmer_empathy.npz	13342	5c96b8c35ee98ec2fe124daafa9909b13ec02ec97da900dfe0ce7a709075a914
llama-3.1-8b-random_perm_s16/caa_logits_forced/farmer_honesty.npz	13363	89a86517b1f77012807dfb09e703b8d0cf4bb96203f16bbd37cb9e479cd82672
llama-3.1-8b-random_perm_s16/caa_logits_forced/farmer_impulsivity.npz	13379	cf5279194eba09ccd42c2524a2b28db99d2c830bfc36e625c54f7658c87a91ec
llama-3.1-8b-random_perm_s16/caa_logits_forced/farmer_risk_taking.npz	13379	8186b596d92ea2ca1ba89bed17c985c74b0d913a19ff815e258414ee371ce785
llama-3.1-8b-random_perm_s16/caa_logits_forced/farmer_warmth.npz	13359	b7dd5735517a82e31f533bce42d33e133ac9f23b67fbce2121cefac4d46c7161
llama-3.1-8b-random_perm_s16/caa_logits_forced/kindergarten_teacher_assertiveness.npz	13443	e3c1486423d77307d0e33be70016c0c0a574f6d719b3a3cf0f253ab4eac8c6e1
llama-3.1-8b-random_perm_s16/caa_logits_forced/kindergarten_teacher_confidence.npz	13431	846652317e417f5f5e0c0321d0fce6c8e6e6d9ce44ec07f6f67572765efd3439
llama-3.1-8b-random_perm_s16/caa_logits_forced/kindergarten_teacher_deference.npz	13427	08ff50f59b5c5c866fe93ed24db13f3949001c7a440c36f9f527d9cf4f910988
llama-3.1-8b-random_perm_s16/caa_logits_forced/kindergarten_teacher_empathy.npz	13398	4e7d3a654684dcbe73f7fc69b26da0a89ca44db924e144e043559eb401f3ed22
llama-3.1-8b-random_perm_s16/caa_logits_forced/kindergarten_teacher_honesty.npz	13419	4cd1bc6d4ee79435b663ef794613c31414477d80401535a53e6a955bd1a982d5
llama-3.1-8b-random_perm_s16/caa_logits_forced/kindergarten_teacher_impulsivity.npz	13435	b348c4d722b66e9486c615b8a350da86e0aaff8751e14b40e3fe3fafa3ebb7e6
llama-3.1-8b-random_perm_s16/caa_logits_forced/kindergarten_teacher_risk_taking.npz	13435	9c18faf1d70604499c8fcc9351abbe2481f2e1b20ca1cd3e5fd5a0a836048003
llama-3.1-8b-random_perm_s16/caa_logits_forced/kindergarten_teacher_warmth.npz	13415	94b6f0bb200a5faa39ef2c484c8609099bbc26c8a0930417bf3045314e09032d
llama-3.1-8b-random_perm_s16/caa_logits_forced/null_assertiveness.npz	13379	373ead6c93ed446e538889e2a05f4aaef468cd4cc107e166fecc04b040873b23
llama-3.1-8b-random_perm_s16/caa_logits_forced/null_confidence.npz	13367	9089e97aabf3b06dde5e1375a3cbed7850fb6d3a29735b63c4fe196194bfc118
llama-3.1-8b-random_perm_s16/caa_logits_forced/null_deference.npz	13363	b18461c149ed607a4300d61870277cfa1dc8a70fbe092c0147a4a8a981e06a1b
llama-3.1-8b-random_perm_s16/caa_logits_forced/null_empathy.npz	13334	b86329d9d2e52d9e5d1a819d4b63964b9f84a0cc4a5f1171b1a8b86cb1856810
llama-3.1-8b-random_perm_s16/caa_logits_forced/null_honesty.npz	13355	c754acf6c4f7b12911ec585d286cd40283e711c2f9583798c18e179e6741ddb9
llama-3.1-8b-random_perm_s16/caa_logits_forced/null_impulsivity.npz	13371	68759c661368fc99714fad52c45870a97b225c143aaa5d1030fa8f2d95e7479c
llama-3.1-8b-random_perm_s16/caa_logits_forced/null_risk_taking.npz	13371	18d46bf0c511f2c7c2098e5b537cce9341ecc4b6f513315ce49a6eac99eb1488
llama-3.1-8b-random_perm_s16/caa_logits_forced/null_warmth.npz	13351	f133982f7b37b7983ed59ec1344c5c30df846bb39e9865a78405a714b93a20c8
llama-3.1-8b-random_perm_s16/caa_logits_forced/politician_assertiveness.npz	13403	1a10ab36b7527676f28a657c6db78f17a7f88e11540b82545c74d406d8d42371
llama-3.1-8b-random_perm_s16/caa_logits_forced/politician_confidence.npz	13391	b3e3bc7616ef915cfe180f55e5d91534ae0f3db7e4773a934e5f35eca616f22d
llama-3.1-8b-random_perm_s16/caa_logits_forced/politician_deference.npz	13387	bb0ef683acc0f62af5c8e9b2d38a56a551de806177d914ad59f6265f26024aec
llama-3.1-8b-random_perm_s16/caa_logits_forced/politician_empathy.npz	13358	61265118296e4b331a89fbc79fbe0706ac9c0e12e21a3076ffe71a3af0ab9620
llama-3.1-8b-random_perm_s16/caa_logits_forced/politician_honesty.npz	13379	8e99ade01d666f2d449a710f1852dff0f40e5065e7f0211a6932f913d0d4bb64
llama-3.1-8b-random_perm_s16/caa_logits_forced/politician_impulsivity.npz	13395	6012bd0fb5c42557218bc0f0fee5a1bd8333243ef65e99e8a58dc9bf5a12d61d
llama-3.1-8b-random_perm_s16/caa_logits_forced/politician_risk_taking.npz	13395	d71918d8d7ae0f4affad83c273160fb258c5932fdbe043e982b369f7483368ab
llama-3.1-8b-random_perm_s16/caa_logits_forced/politician_warmth.npz	13375	a07b8e3adaf79b91bef72bcbe2e0f3d81dc9f2a8cb9f99184c47f5cc803085bc
llama-3.1-8b-random_perm_s16/caa_logits_forced/professor_assertiveness.npz	13399	7f268457c50d8877856559b6b109f7a42e009ea715817678dd2a4fc5cbbfef6a
llama-3.1-8b-random_perm_s16/caa_logits_forced/professor_confidence.npz	13387	4668908769c69569ac0bc2fbd4d9da6e4c08103426b5e936bfe99bc68c57d472
llama-3.1-8b-random_perm_s16/caa_logits_forced/professor_deference.npz	13383	01e681509c39857dc56ee43b22612d7fc2e7f3ad6b70f05b564b0ad91713a541
llama-3.1-8b-random_perm_s16/caa_logits_forced/professor_empathy.npz	13354	a23162c182858b98c0a474819dc5bead9986316a43c3df40b745a5a7cd836b03
llama-3.1-8b-random_perm_s16/caa_logits_forced/professor_honesty.npz	13375	f5fa8f8d24c120b1bc2dc2e2caec3d397db21a2a91e678a9e0cda5ea9c0208e5
llama-3.1-8b-random_perm_s16/caa_logits_forced/professor_impulsivity.npz	13391	7805ebba658400e531876f90508165c9839c7d1daf6d27c45b1352f1ea86821f
llama-3.1-8b-random_perm_s16/caa_logits_forced/professor_risk_taking.npz	13391	cfb538f3cd4bf4361ea3767195e53220ed89b2aad03715803e203fdd01730279
llama-3.1-8b-random_perm_s16/caa_logits_forced/professor_warmth.npz	13371	6e1b1f148d664abdc34b81db4ef97891ee2d0099a853d1dbc7e499e7bd1ed928
llama-3.1-8b-random_perm_s16/caa_logits_forced/street_hustler_assertiveness.npz	13419	a9d3896168cd1fa10bd9d622e17403db03f19ea78853032d635cb07ea87b7015
llama-3.1-8b-random_perm_s16/caa_logits_forced/street_hustler_confidence.npz	13407	c8d916850f68d8b29c25b6c4ebd94b296101c88a6c04cc96f49f1b5b14390c8a
llama-3.1-8b-random_perm_s16/caa_logits_forced/street_hustler_deference.npz	13403	d8d76ac1cecfe0654ab838e013e1f731ef196c982bf84913c766df995ba7c7fd
llama-3.1-8b-random_perm_s16/caa_logits_forced/street_hustler_empathy.npz	13374	9db51b8e36563eaba0d559e6639e3d32e0acdc90c656015db8ccc3db0bdfc966
llama-3.1-8b-random_perm_s16/caa_logits_forced/street_hustler_honesty.npz	13395	9d9df8fc6631d147af28ce928d598a1301950e710715632185c1fb64a4577d0e
llama-3.1-8b-random_perm_s16/caa_logits_forced/street_hustler_impulsivity.npz	13411	3d61d081380243fba60394ae9d7013c8a4f41ae327a454fa613db9ea5df18e59
llama-3.1-8b-random_perm_s16/caa_logits_forced/street_hustler_risk_taking.npz	13411	ba35c8dcdc67885aa58967b8a21dee92d2fe3ee2808d1496d389d7ead5e2ac7a
llama-3.1-8b-random_perm_s16/caa_logits_forced/street_hustler_warmth.npz	13391	9ce20510c3cfe7b2e9a8ff62b3afa3017260f1fa8069c44cad36cc6d0b1a8a28
llama-3.1-8b-random_perm_s16/caa_logits_forced/surgeon_assertiveness.npz	13391	1be117ffabfee0fc45ab37f8bd4435224f5924809650bd8aa00a07de41ac2851
llama-3.1-8b-random_perm_s16/caa_logits_forced/surgeon_confidence.npz	13379	7feb16cf0f1156e6a0f161993e82bf85aeae20ed13a1d23950e798c1e5df5221
llama-3.1-8b-random_perm_s16/caa_logits_forced/surgeon_deference.npz	13375	63eac98481b0625ee3e09f2fd904ce48e9d2891ec2467541d456d7ce52c0d6e0
llama-3.1-8b-random_perm_s16/caa_logits_forced/surgeon_empathy.npz	13346	eb28a84c91a4c68b76f7502d0fa54db71c26972c03f4368eb34b2c557add251c
llama-3.1-8b-random_perm_s16/caa_logits_forced/surgeon_honesty.npz	13367	1100f6f197e0b65e68a648066b1d9e8a95f6eb7474039421011d7909101f5c41
llama-3.1-8b-random_perm_s16/caa_logits_forced/surgeon_impulsivity.npz	13383	13f327662c7c5493998aa7261a9d161899bbe5c7c687a23ef137d1785f0c6eaa
llama-3.1-8b-random_perm_s16/caa_logits_forced/surgeon_risk_taking.npz	13383	199b03f1e5602560d7b2017cd590958dfa37ce169e962bf4a672cb76f232b5e1
llama-3.1-8b-random_perm_s16/caa_logits_forced/surgeon_warmth.npz	13363	f8ee0132ffef0f56e9eeba2fdcdd57c8cd83cd2d9554446d78694986fe1a80ae
llama-3.1-8b-random_perm_s16/caa_logits_forced/tech_ceo_assertiveness.npz	13395	4cb3ea321f6ce672741e6f291fb49f6969ffbbfc0d5c3fb220a6cbe287f46499
llama-3.1-8b-random_perm_s16/caa_logits_forced/tech_ceo_confidence.npz	13383	d8cf9f1d818dfabdc8b20b649f035d26c39cc189fa6bf3a0d73641abd2f70c17
llama-3.1-8b-random_perm_s16/caa_logits_forced/tech_ceo_deference.npz	13379	b00b4a153d8526b6651e7f2911eaed23a8930fcbed9542a88850b63b22a19512
llama-3.1-8b-random_perm_s16/caa_logits_forced/tech_ceo_empathy.npz	13350	d667017a6a6f5ad7a2555773f67411d5973a176352cccb99a8978825aad1a991
llama-3.1-8b-random_perm_s16/caa_logits_forced/tech_ceo_honesty.npz	13371	3cc7b86a63bd11a982dbaa3044c165e2eb9fa3eccc0320634798a2e8cbb7aa35
llama-3.1-8b-random_perm_s16/caa_logits_forced/tech_ceo_impulsivity.npz	13387	6b7afbee93e106f79051cd8a7697254277291d4c31bd663638286f05ba3b30a3
llama-3.1-8b-random_perm_s16/caa_logits_forced/tech_ceo_risk_taking.npz	13387	47d43b5748922048d7944e7f8a69533e0ef6dd00d20ad66d1c5f54ca9db0ef2a
llama-3.1-8b-random_perm_s16/caa_logits_forced/tech_ceo_warmth.npz	13367	e0e2554924da5a9a7993c586d262236b60b4c2d4f84ac1405a97abf0f8eb89e2
llama-3.1-8b-random_perm_s16/caa_logits_forced/therapist_assertiveness.npz	13399	f9c049d8e9d15e81af60304e537e260d1286ef4763af13106b8da3e2b5afe95e
llama-3.1-8b-random_perm_s16/caa_logits_forced/therapist_confidence.npz	13387	afc1b35dfb4a22fe93dc8adca1bbdab463b338782ed37c941a36c05c957778b7
llama-3.1-8b-random_perm_s16/caa_logits_forced/therapist_deference.npz	13383	82584b5b093f977feefa7ace32019a9aa546d2a29ac03ef84dcc610d01561e05
llama-3.1-8b-random_perm_s16/caa_logits_forced/therapist_empathy.npz	13354	ace4f62a422c4cc3ba88bea66355a3afd99e55a6354f3ab602c4a86a05c6112e
llama-3.1-8b-random_perm_s16/caa_logits_forced/therapist_honesty.npz	13375	38ac66a870ab485b1be6811365caf5153e108ffad9cc68d5aa12454bb8dbb0c4
llama-3.1-8b-random_perm_s16/caa_logits_forced/therapist_impulsivity.npz	13391	3abfaa99cf320c0c928baf2b45cbf90696ad8cc6333770fb2ab5a09a1e749ba8
llama-3.1-8b-random_perm_s16/caa_logits_forced/therapist_risk_taking.npz	13391	bc5d3a402b7515e4e79e44210b2586dfb2d38baeda3243734b928847c16b4f97
llama-3.1-8b-random_perm_s16/caa_logits_forced/therapist_warmth.npz	13371	5513c3655bd5ef60530ed84860e42c26cbbb2f1c6594ec4acc20c19c960da7fa
